case_no,sequence,total_DV,DV_inter,DV_plan,t_depart,t_arrive,tof,t_inter,t_plan,champ_inter,champ_plan
1,EVVVVMEJS,126833.40359058656,109006.7707812452,17826.63280934136,2031-Mar-14 02:56:58.664739,2042-Mar-14 19:29:29.057834,4018.6892406608335,3615.8508766165883,402.8383640442451,"[11395.122901212251, 0.3338333670571565, 0.22088159890327946, 0.1676301850304153, 0.15822226291794816, 0.4415694014572822, 0.42521733109727644, 0.4152375784278877, 0.8629325692632321]","[1.65, 0.32280952786725375, 402.8383640442451]"
2,EVVVVMVS,10348.77055684272,7574.60548118971,2774.1650756530107,2031-Jun-05 11:53:01.816345,2042-Jun-18 03:19:30.996174,4030.6433932850605,3648.5109839902216,382.1324092948388,"[11478.495159911403, 0.049103899202923434, 0.2408940558698048, 0.12482670457671209, 0.13161094336338863, 0.15280478633194727, 0.12275785704271598, 0.9989994019222223]","[1.6911933772057117, 0.47139666383729345, 382.1324092948388]"
3,EVVVVMVJS,15210.020357738616,10876.832406297188,4333.187951441429,2032-May-28 23:03:45.643727,2043-Feb-28 11:19:17.698431,3927.510787670186,3543.4241733224103,384.0866143477756,"[11836.960944950539, 0.1295324762416762, 0.197709946870925, 0.17855820588063917, 0.1996525805909, 0.19124187156745928, 0.14095718675273763, 0.41014640484455944, 0.8448153281039339]","[1.65, 0.3939427505844364, 384.0866143477756]"
4,EVVVVMMS,18973.3090506531,15472.091314010291,3501.2177366428095,2031-Feb-26 07:55:32.004511,2042-Mar-14 13:52:36.086016,4034.2479639063085,3648.8115722373286,385.4363916689799,"[11379.33023153369, 0.1202400494831837, 0.13249124220107417, 0.16935566533076513, 0.1806494547943213, 0.15108985301321728, 0.2672138540632877, 0.9989923306713144]","[1.6844866932923408, 0.44407371926503164, 385.4363916689799]"
5,EVVVVMMJS,18824.14734380895,14924.769211256966,3899.378132551983,2031-May-25 18:25:08.057827,2042-Jun-18 05:21:03.940480,4041.455507901078,3649.1800965752936,392.27541132578426,"[11467.767454372997, 0.04217968561868063, 0.10172796273721968, 0.13388243920031392, 0.026095744179622547, 0.04217901801164387, 0.4014750659113569, 0.4938339289397874, 0.9989333420379546]","[1.6896003388509233, 0.41793146269289555, 392.27541132578426]"
6,EVVVVMS,16436.11637018945,12404.855964542201,4031.26040564725,2030-Dec-10 22:10:59.672172,2042-Feb-10 17:04:34.557351,4079.7872093191972,3648.985023731824,430.8021855873732,"[11301.924301761252, 0.11767824061930864, 0.28987171904862324, 0.299087643274977, 0.2835991865684862, 0.11709651226108891, 0.9989989259453322]","[1.7905620175895325, 0.39911241919769647, 430.8021855873732]"
7,EVVVVMJS,12107.94889457958,7850.206453593533,4257.742440986047,2031-May-14 22:47:59.943765,2042-Apr-15 13:43:22.440975,3988.621788162148,3603.323416412196,385.29837174995214,"[11456.949999349135, 0.028676771039124176, 0.13658523616946808, 0.13466494605681412, 0.27726876353350427, 0.23645261082961905, 0.4804123335520528, 0.938543616654256]","[1.65, 0.3885031555711867, 385.29837174995214]"
8,EVVVVS,8882.500187387897,6227.269464693447,2655.2307226944504,2032-Dec-30 22:54:32.217745,2044-Mar-01 00:00:16.002891,4078.045645661422,3648.372686926574,429.67295873484807,"[12052.95453955723, 0.02493017653865206, 0.17607082266250354, 0.2773153651240358, 0.23222109406866026, 0.998999844210828]","[1.8364872977934987, 0.48677710195970025, 429.67295873484807]"
9,EVVVVJS,9275.135665027909,6574.585459524835,2700.550205503074,2032-Dec-02 07:36:38.400648,2043-Dec-28 05:44:50.932754,4042.922367269742,3649.0469281588803,393.8754391108619,"[12024.317111118613, 0.11668466732064946, 0.26696849727873306, 0.14095931159439995, 0.20222194351686446, 0.411640149073569, 0.9989998721634448]","[1.726550849632359, 0.46724667025038413, 393.8754391108619]"
10,EVVVMEES,11304.36623539277,8109.660182593623,3194.706052799147,2031-May-01 21:47:27.137876,2042-May-01 08:32:32.439552,4017.4479780286674,3648.7313087889415,368.71666923972606,"[11443.907952984671, 0.032729702469232826, 0.1349005964961735, 0.1377685638213605, 0.1140799763277051, 0.1009471939191197, 0.4018541055422339, 0.9989887966382303]","[1.65, 0.4708899109511363, 368.71666923972606]"
11,EVVVMEEJS,10338.125660006866,4659.280008387864,5678.845651619003,2031-Jul-03 20:36:03.171020,2042-Jul-04 03:25:06.896980,4018.284070902317,3649.5145808291345,368.7694900731825,"[11506.858370034955, 0.04767454278717081, 0.08635225412367077, 0.15440183500531973, 0.041275805417673436, 0.29040794896601696, 0.49216100321714407, 0.47680052572291454, 0.9989999998353897]","[1.65, 0.4706471873004705, 368.7694900731825]"
12,EVVVMEVS,13765.980231158588,10235.078666963207,3530.901564195381,2032-Jun-04 10:18:12.780652,2043-Aug-06 20:14:25.399948,4080.4140349455556,3648.788395621649,431.62563932390617,"[11843.429314590881, 0.11242281959249359, 0.2684651036625073, 0.13660374239899134, 0.06954972301895812, 0.09420967088044468, 0.30116171155441895, 0.9989946458123562]","[1.8176028860454247, 0.4387056239878363, 431.62563932390617]"
13,EVVVMEVJS,11610.199420470377,7893.53989744108,3716.659523029297,2031-Apr-14 02:44:20.399285,2042-May-17 09:26:43.390619,4051.2794327700753,3649.125740663018,402.15369210705734,"[11426.114124991722, 0.051071464104973485, 0.124573944217771, 0.14037313777478289, 0.05358533409064996, 0.12589712381356372, 0.18069635080360588, 0.5073330078270603, 0.9989955181478958]","[1.7262319160417166, 0.4303091158727166, 402.15369210705734]"
14,EVVVMEMS,12569.173634207931,8998.146465424456,3571.0271687834756,2031-Feb-19 09:02:59.758103,2042-Feb-10 11:45:21.039502,4009.1127463124894,3648.8756899405957,360.23705637189374,"[11372.377080533603, 0.1871180567281623, 0.20264509908390188, 0.20869837807366906, 0.08692451045350098, 0.2648464936882208, 0.10550530308418558, 0.9989997477347203]","[1.65, 0.4919390136728034, 360.23705637189374]"
15,EVVVMEMJS,12378.544820406978,8822.78195648616,3555.762863920818,2031-Sep-29 02:11:53.262657,2042-Oct-07 18:55:36.379364,4026.6970268137466,3649.2169231102484,377.4801037034983,"[11594.091588688158, 0.15325917617975487, 0.18258762582961002, 0.16664541559722948, 0.08106739275670127, 0.22730143229297686, 0.0723742851931403, 0.4361133841975297, 0.9989985444632822]","[1.6590142775691687, 0.44124226027372737, 377.4801037034983]"
16,EVVVMES,7430.27402738407,4920.5202111220515,2509.7538162620185,2031-Jul-15 18:00:41.100610,2042-Aug-04 23:37:09.989560,4038.2336676961727,3648.3077892575443,389.9258784386283,"[11518.750475701509, 0.046569510737507945, 0.08593061909048588, 0.15542380886375087, 0.09150579071965724, 0.3066977801392734, 0.9989999774404429]","[1.719695785120417, 0.48034038035332083, 389.9258784386283]"
17,EVVVMEJS,7005.356182643224,3650.863554625464,3354.49262801776,2031-May-22 19:53:13.494712,2042-Jul-20 01:05:52.761399,4076.2171211422046,3647.4888787740347,428.72824236816973,"[11464.828628411024, 0.027880301307929133, 0.13388427090756985, 0.13733242448588268, 0.06373793421939339, 0.13096387144403523, 0.5275820354558806, 0.9975358110428223]","[1.8149235979163945, 0.44817217470256765, 428.72824236816973]"
18,EVVVMVES,11114.491446544387,8125.8187118893275,2988.6727346550597,2032-Aug-14 15:31:54.389949,2043-Sep-23 14:02:28.960882,4056.937900126534,3648.5872510874196,408.35064903911433,"[11914.64715729108, 0.1242073779328454, 0.13789725529306207, 0.23026032784707084, 0.06764108710489648, 0.1391420494145214, 0.1747487454597728, 0.9989945346196047]","[1.7644781532905065, 0.46226713198063846, 408.35064903911433]"
19,EVVVMVEJS,9580.648443368602,6268.743966261518,3311.904477107084,2032-Jul-05 17:00:01.008801,2043-Jul-05 21:19:56.765765,4017.1805064463456,3635.1730151780403,382.0074912683052,"[11874.70834500927, 0.11182723086210251, 0.2207149912502953, 0.1759722066574165, 0.07297216133172399, 0.1500612847779358, 0.17102845557978028, 0.4403365793614962, 0.9805160319380348]","[1.6792184728594621, 0.4523228695959186, 382.0074912683052]"
20,EVVVMVVS,12321.932787052368,8947.530219100137,3374.402567952231,2032-Jul-14 01:20:04.034085,2043-Jul-21 19:51:52.453415,4024.77208818669,3648.5674245057435,376.20466368094645,"[11883.05560224635, 0.1301719284268661, 0.19846936268928278, 0.1787204445389372, 0.0722886722094406, 0.14898593564096538, 0.2589610110826769, 0.9988283728168058]","[1.6602084530767907, 0.4497617962672245, 376.20466368094645]"
21,EVVVMVVJS,11305.342968449653,7169.524505600115,4135.818462849538,2031-Jun-17 01:57:19.374729,2042-Aug-05 04:41:29.708818,4067.1140084964063,3648.4057759768584,418.70823251954806,"[11490.081474244547, 0.03625197619969132, 0.12162667673051233, 0.13848146679283607, 0.06000961497013836, 0.1237494279174346, 0.38398118952200067, 0.47999166962109396, 0.9977301705757912]","[1.7495843373372921, 0.3903071461395343, 418.70823251954806]"
22,EVVVMVMS,11785.968262389266,8954.760557223695,2831.2077051655706,2031-Aug-10 02:03:45.177847,2042-Aug-20 21:25:37.402198,4028.8068544485127,3648.514932944204,380.291921504309,"[11544.08593955841, 0.04652207178987913, 0.08486133719857153, 0.1059231796403115, 0.19607735664735346, 0.13128901891631317, 0.25330185938800903, 0.9989998936758457]","[1.6844858387988986, 0.4693597994379207, 380.291921504309]"
23,EVVVMVMJS,13180.686130882372,8980.587564428797,4200.098566453575,2032-Jul-24 23:23:12.375822,2043-Jul-21 17:18:59.777611,4013.747076409591,3649.4084879158354,364.3385884937555,"[11893.974448794239, 0.12835526385027263, 0.19788837455127808, 0.1783966349436443, 0.0691304678875082, 0.14558901891025613, 0.3229546523340967, 0.4760850038722145, 0.9989999999999655]","[1.65, 0.4897193218213703, 364.3385884937555]"
24,EVVVMVS,9010.816967388288,6418.6832073048845,2592.133760083403,2030-Mar-20 10:54:05.009239,2041-Mar-28 16:06:35.742426,4026.2170223748435,3594.95257422882,431.26444814602314,"[11036.45422464397, 0.2186366912177716, 0.10742469698542688, 0.12806356134773547, 0.08365460356528714, 0.1428117157089971, 0.9684262610589454]","[1.8388744931909697, 0.4710064416151075, 431.26444814602314]"
25,EVVVMVJS,8944.031699823587,4844.173206510974,4099.858493312613,2031-Mar-12 21:43:02.965227,2042-May-01 12:10:52.685997,4067.6026588052046,3649.222511276042,418.3801475291624,"[11393.90489543087, 0.12146467241641858, 0.25648144680196466, 0.2015646760581207, 0.11398387613011955, 0.1335300895066903, 0.4679956838287404, 0.9989999995734791]","[1.751581720453298, 0.3947062087618939, 418.3801475291624]"
26,EVVVMMES,14359.811432671198,11297.708764802544,3062.102667868654,2031-Jun-22 20:36:57.313702,2042-Aug-20 21:54:20.470217,4077.05374023744,3648.636564925815,428.41717531162493,"[11495.858996686364, 0.04692714223708421, 0.1794969169543603, 0.16340869616929088, 0.0868750722489036, 0.29435510872353027, 0.11693513576331262, 0.998996510281965]","[1.8217418090019182, 0.46089068347682816, 428.41717531162493]"
27,EVVVMMEJS,16622.8513360766,12816.765362779086,3806.085973297515,2031-Jul-29 21:58:13.727910,2042-Sep-21 22:03:43.762601,4072.0038198459583,3649.2409586062076,422.7628612397508,"[11532.915436665624, 0.04652819387285311, 0.08532904361461728, 0.15924982253772227, 0.11749133581597439, 0.27097429451972727, 0.15354209081524936, 0.4792974875848411, 0.9989998249341896]","[1.7812433582362266, 0.4211182330422262, 422.7628612397508]"
28,EVVVMMVS,15499.995081268673,12278.074030690794,3221.921050577879,2031-May-12 05:37:58.039931,2042-Jun-18 04:33:28.714028,4054.955216135383,3648.7135598602345,406.24165627514844,"[11454.234699536242, 0.04962635073515866, 0.12336367487756976, 0.14072098384549264, 0.14911371305462234, 0.27847920877139165, 0.19864921082675607, 0.9989992960377876]","[1.753367385050316, 0.45558448798861745, 406.24165627514844]"
29,EVVVMMVJS,9530.172570142244,5605.18243877465,3924.9901313675937,2031-May-26 23:52:47.851820,2042-Apr-15 10:11:04.550985,3976.4293599440325,3601.346523332245,375.0828366117876,"[11468.994998284956, 0.02448984720092314, 0.13884943295578508, 0.13097046183291022, 0.052382222721785374, 0.3391281353693387, 0.08398841215268875, 0.45094953483772626, 0.9420288524961946]","[1.65, 0.4383470272641407, 375.0828366117876]"
30,EVVVMMMS,17106.215136139235,14759.995497963026,2346.2196381762096,2032-Dec-18 23:42:51.718152,2044-Jan-13 04:19:30.736344,4042.1921182661167,3648.150892049296,394.0412262168206,"[12040.98809858972, 0.03912750185405703, 0.27001960836936456, 0.11942167021375748, 0.09673205459258505, 0.004588767755899804, 0.0953708718204999, 0.9989915955651179]","[1.732674005437613, 0.4715492343096633, 394.0412262168206]"
31,EVVVMMMJS,15430.679384045081,12529.329032111013,2901.3503519340684,2032-Apr-22 21:59:56.092117,2043-Jun-03 22:24:58.569172,4059.017389780721,3649.0535613618886,409.96382841883224,"[11800.916621436543, 0.19936845152632707, 0.14748050966307882, 0.18722821147258079, 0.1092263143303587, 0.05409397503733897, 0.015140618687066043, 0.4367519911857047, 0.9989999891805293]","[1.7709735517148715, 0.46464296643162517, 409.96382841883224]"
32,EVVVMMS,17116.430238611694,14770.548595475766,2345.8816431359282,2031-Jun-23 11:26:38.316511,2042-Apr-15 12:50:10.310851,3949.0580091937513,3487.3672152250574,461.69079396869375,"[11496.476832367027, 0.04688955229503573, 0.179534365846473, 0.16337076479356977, 0.08945401451298414, 0.06892684512945542, 0.9196672039188938]","[1.85, 0.3597713843376454, 461.69079396869375]"
33,EVVVMMJS,12271.063757687092,8179.526497326645,4091.5372603604474,2031-Jun-04 18:59:23.324942,2042-Jun-02 04:49:06.252562,4015.40952462523,3647.801331487018,367.6081931382119,"[11477.791242186828, 0.022869598596157007, 0.1378895002378916, 0.1319159008851558, 0.1365697817952092, 0.44754744775126887, 0.44458305674569226, 0.9968908027214001]","[1.65, 0.47985825562396733, 367.6081931382119]"
34,EVVVMS,8730.988344133122,6259.884253146787,2471.104090986335,2031-May-03 03:34:42.646552,2041-Oct-21 21:33:12.598577,3824.7489577780693,3445.2537884004832,379.4951693775862,"[11445.149104705466, 0.028735467126439145, 0.1415520026248555, 0.3555479135669365, 0.05524350104221894, 0.8895003337711543]","[1.6875630362737335, 0.4736895341545874, 379.4951693775862]"
35,EVVVMJS,9292.365617072568,6660.2639014086,2632.101715663968,2032-Aug-11 10:35:22.189083,2043-Aug-22 14:44:21.124412,4028.1729043440932,3648.8506369401807,379.3222674039126,"[11911.441229040307, 0.10418599684122093, 0.14438565472002027, 0.14969097328520306, 0.18954792076116916, 0.44771076739650606, 0.9989205618586752]","[1.686846390802795, 0.4838768630989847, 379.3222674039126]"
36,EVVVS,7810.37887614255,5083.3408989376585,2727.037977204892,2030-Mar-03 15:16:18.443415,2041-Mar-12 15:42:27.446060,4027.0181597528417,3648.497735097185,378.5204246556566,"[11019.636324576562, 0.1054951249774189, 0.31715372005583004, 0.3261736404035416, 0.9989999999983483]","[1.680332022347559, 0.46867610013861855, 378.5204246556566]"
37,EVVVJS,8693.041735173329,6156.308414039983,2536.7333211333453,2032-Dec-04 21:31:12.696259,2043-Dec-28 05:14:32.482935,4040.3217567902348,3648.9072754303425,391.4144813598924,"[12026.896674725222, 0.18062271925205375, 0.13216292742670774, 0.28815417284672856, 0.41832288284845487, 0.9989832181049162]","[1.724948960887705, 0.4868276974342987, 391.4144813598924]"
38,EVVMEEES,19971.14741258474,16717.09145421465,3254.0559583700924,2032-May-21 08:04:31.274146,2043-Jul-05 22:39:55.377893,4062.607917867447,3645.922637740618,416.6852801268294,"[11829.336473080391, 0.1262693820628003, 0.2170343277406599, 0.2447222902786418, 0.1615264985558094, 0.06431442513529975, 0.13881596121427622, 0.9968000422669319]","[1.7829827578690844, 0.4535939683722308, 416.6852801268294]"
39,EVVMEEEJS,10614.93060980512,5305.491318484697,5309.439291320423,2032-Jul-30 23:00:51.278749,2043-Aug-23 03:50:16.220826,4040.200983125896,3607.9127149306532,432.2882681952429,"[11899.958926837367, 0.12816859680730605, 0.13663586334993588, 0.10398394314568526, 0.08357145775316079, 0.21123807031792524, 0.46384303092606516, 0.4326229468763187, 0.9222487335723094]","[1.65, 0.2520141698399807, 432.2882681952429]"
40,EVVMEEVS,12324.055080992086,7745.309551868051,4578.745529124035,2030-Jul-23 10:27:38.296127,2041-Sep-04 09:23:06.774903,4060.9551907265723,3648.9614003411384,411.9937903854339,"[11161.43585990888, 0.18463908562113163, 0.15383200845137493, 0.2510551768350652, 0.06372288914195966, 0.31171968892007, 0.1934279687157641, 0.9989405362665605]","[1.65, 0.29655073242539315, 411.9937903854339]"
41,EVVMEEVJS,11289.653809601834,8177.9174804552,3111.7363291466336,2032-Jun-18 17:32:18.308663,2043-Aug-22 18:42:03.715378,4082.0484422073505,3649.1093152591884,432.9391269481621,"[11857.730767461378, 0.1355654968270773, 0.1365430579883509, 0.08662588790005353, 0.08354111004871183, 0.16017010064094983, 0.2396611624622116, 0.4366726656553388, 0.9989142312176796]","[1.8335156679977418, 0.45853549793968906, 432.9391269481621]"
42,EVVMEEMS,12223.255565663825,8965.024220574394,3258.2313450894308,2031-May-25 01:15:56.140600,2042-Aug-04 23:39:48.553659,4089.93324552152,3648.6984227367766,441.2348227847435,"[11467.052733108798, 0.04761468697456824, 0.32596893263339527, 0.09756649338240732, 0.09927612221545896, 0.2569935064726389, 0.12959598894179647, 0.9989432698361155]","[1.85, 0.44635144748890715, 441.2348227847435]"
43,EVVMEEMJS,9943.612008744538,5355.566682612642,4588.045326131896,2031-Mar-24 06:05:46.993348,2042-May-01 14:44:36.595273,4056.3602963185745,3649.2777234935984,407.08257282497624,"[11405.25401612671, 0.11992539195018509, 0.19027161167738377, 0.06572882880672667, 0.1333208574130638, 0.40400611337058634, 0.05579155155858527, 0.44600070976285155, 0.9988999774718433]","[1.65, 0.3100517600247325, 407.08257282497624]"
44,EVVMEES,7975.7902687288815,4880.491272262582,3095.2989964662993,2031-May-22 20:11:42.502000,2042-Jul-04 01:31:38.348384,4060.2221741479716,3648.6414615488557,411.58071259911605,"[11464.841464143512, 0.05200455351838629, 0.12000760371902294, 0.2373962721972591, 0.18071030454925685, 0.2925354545933255, 0.9989906243979813]","[1.7719696878537528, 0.46004862009531255, 411.58071259911605]"
45,EVVMEEJS,6450.627011143443,1885.010823318421,4565.616187825022,2031-Mar-16 08:50:07.553094,2042-Mar-14 10:39:21.773930,4016.07585903745,3649.3424054223224,366.73345361512764,"[11397.368142975623, 0.09298624154141813, 0.2252927668544846, 0.056868231517017476, 0.1317385950145796, 0.41355325459834097, 0.46725009988399785, 0.9989978354288573]","[1.65, 0.48253506702427407, 366.73345361512764]"
46,EVVMEVES,10060.333947559784,6720.190071957549,3340.1438756022353,2031-Mar-21 03:54:05.200968,2042-Mar-14 08:47:19.718527,4011.203640249528,3648.310298983616,362.8933412659115,"[11402.162560196386, 0.1208554979484722, 0.1883765756163969, 0.08792228613066738, 0.25482146509217635, 0.276077120746116, 0.06790927125184701, 0.9985853158350101]","[1.65, 0.4906622975375994, 362.8933412659115]"
47,EVVMEVEJS,7290.093620160282,4809.217956609669,2480.8756635506124,2032-Dec-25 13:45:03.371771,2044-Feb-14 03:03:30.007756,4067.554474953536,3648.7555696003647,418.7989053531716,"[12047.572955691792, 0.02661521180082598, 0.09391464348897693, 0.05598183975807613, 0.1439776872670871, 0.09423440181276917, 0.2010217692448889, 0.40364455210570593, 0.998891584252156]","[1.8072133687710694, 0.4888947066740354, 418.7989053531716]"
48,EVVMEVVS,11047.303306009657,7892.698611418197,3154.6046945914595,2031-Jun-11 09:44:07.511136,2042-Jul-20 01:01:02.869738,4056.636751835661,3648.6787568436284,407.95799499203264,"[11484.405642490005, 0.048416778193319, 0.12453448440051476, 0.06702804786285158, 0.0786040246983357, 0.10130632939699757, 0.44722384535062154, 0.9989825146046052]","[1.759987990302838, 0.4580166298101456, 407.95799499203264]"
49,EVVMEVVJS,11836.50538469688,7913.6972900944975,3922.808094602383,2031-Jul-26 14:58:34.697762,2042-Aug-20 23:43:46.467165,4043.3647195532812,3649.1949433330083,394.16977622027275,"[11529.624012705577, 0.045529713941128, 0.17320960404899835, 0.24940188626198206, 0.07810393622459792, 0.11165451996085184, 0.2306105223848952, 0.47080638094963834, 0.9988832818293281]","[1.6938438616086449, 0.41558028668594266, 394.16977622027275]"
50,EVVMEVMS,15017.449461952729,12110.435285431098,2907.0141765216304,2031-Jul-03 09:55:19.548872,2042-Jul-04 03:45:04.277360,4018.7428788019474,3646.803036827775,371.93984197417234,"[11506.413420704534, 0.04729543582564526, 0.11499484253094026, 0.07040469953070487, 0.09173009670615524, 0.24649676451651226, 0.26273799326169733, 0.9977852490175553]","[1.6579318189249248, 0.4680066757816463, 371.93984197417234]"
51,EVVMEVMJS,14448.42080372894,10477.09609663784,3971.3247070911,2032-Aug-16 05:37:00.816221,2043-Aug-22 18:37:29.224389,4023.541995464904,3649.3723967767655,374.1695986881387,"[11916.234037224782, 0.12046968796567321, 0.13503598541604697, 0.06627696117545483, 0.12334584940306667, 0.25028087887275485, 0.31157272987939133, 0.4705283775190659, 0.998989589757276]","[1.65, 0.4430842890956035, 374.1695986881387]"
52,EVVMEVS,8341.761049134118,5480.113964454266,2861.647084679852,2031-Mar-11 06:59:39.408752,2042-Mar-14 12:26:53.818191,4021.2272501092443,3648.5851837264267,372.64206638281763,"[11392.291428342041, 0.06440063601224878, 0.1227958186791378, 0.23012710361344305, 0.09631721396830899, 0.32119775755536956, 0.9989999118931506]","[1.6608120740064152, 0.4688038503685355, 372.64206638281763]"
53,EVVMEVJS,10328.355891536321,7370.930907030043,2957.4249845062777,2032-Dec-30 23:58:40.983298,2044-Jan-13 05:05:00.292688,4030.2127234883064,3649.127310117343,381.0854133709636,"[12052.999085454838, 0.036919596052331895, 0.26925188972282393, 0.05824755207291065, 0.16743533432188068, 0.3022580639068682, 0.4055479605519862, 0.9989553508649649]","[1.6837463580018632, 0.4625828687205718, 381.0854133709636]"
54,EVVMEMES,12127.322809872923,8926.953872925704,3200.3689369472195,2031-May-02 21:44:25.429744,2042-May-01 08:58:37.964112,4016.468200629252,3646.973998316492,369.4942023127601,"[11444.905849881301, 0.04650248059191658, 0.06456509229327222, 0.13390532858400364, 0.049941650574955435, 0.17889535029449766, 0.4313266846670603, 0.9975808313044638]","[1.65, 0.46722507053979934, 369.4942023127601]"
55,EVVMEMEJS,12802.2687226847,8865.778117299666,3936.4906053850336,2032-Dec-30 23:37:32.188816,2043-Dec-12 05:14:19.228783,3998.2338777773975,3635.7186494737152,362.5152283036821,"[12052.984400333522, 0.04749139074779707, 0.15463707906257504, 0.06749061202748013, 0.030789328075117705, 0.2328723316301538, 0.4561776244836883, 0.41159934867149084, 0.9780974316152279]","[1.65, 0.4928654083021258, 362.5152283036821]"
56,EVVMEMVS,10994.483357126217,8196.952943336244,2797.530413789973,2031-May-30 09:55:24.106288,2042-Jun-02 04:42:04.994686,4020.782417689793,3637.5144234489253,383.2679942408676,"[11472.413473452405, 0.04095635035506963, 0.23935389249977004, 0.05633268004076827, 0.20400047203430222, 0.17123013511742052, 0.10644714782511805, 0.9915703645384]","[1.6962646018277399, 0.4795600567040298, 383.2679942408676]"
57,EVVMEMVJS,12221.87685120992,5841.3098048746815,6380.567046335238,2030-Apr-09 11:58:27.587256,2041-Apr-29 18:23:58.787201,4038.2677222215893,3649.3871653684896,388.8805568530997,"[11056.498930408054, 0.25761708074052886, 0.17365632923126348, 0.08781139602501216, 0.16975678382687695, 0.19743179800357616, 0.171934466420207, 0.45706529195427636, 0.9989984387396349]","[1.65, 0.37303262878267635, 388.8805568530997]"
58,EVVMEMMS,13688.28639283283,10552.600432459476,3135.6859603733537,2031-Jun-16 13:25:34.502881,2042-Aug-05 01:42:22.186243,4067.5116630018797,3648.679044572708,418.83261842917193,"[11489.559427116676, 0.047770971512988356, 0.12690105222540507, 0.044777971654056344, 0.22064912107937618, 0.1190830251391639, 0.3451604899497751, 0.9989863612485669]","[1.7923375567721165, 0.4588981926714824, 418.83261842917193]"
59,EVVMEMMJS,19261.820078692435,16441.59598702461,2820.224091667824,2032-Aug-08 15:42:35.947616,2043-Aug-06 19:51:42.635636,4015.1729940743003,3580.41832809646,434.75466597784026,"[11908.65458272704, 0.10451116646352834, 0.1428929584670675, 0.07585072093802742, 0.04447498733412998, 0.2111824310443808, 0.08364675138176299, 0.4151452741119841, 0.933467312553935]","[1.8450057398068302, 0.4673513992824283, 434.75466597784026]"
60,EVVMEMS,10355.81240966017,7990.770431727002,2365.041977933168,2032-Dec-26 03:50:20.940455,2043-Dec-28 07:59:36.634608,4019.173098311964,3647.01797944156,372.15511887040446,"[12048.159964588598, 0.02651359874942015, 0.09391721254074192, 0.05765372256694403, 0.12362859581565985, 0.33130001194021125, 0.998322780255658]","[1.666527072414876, 0.4731437037944406, 372.15511887040446]"
61,EVVMEMJS,10433.253485733463,7446.647472474215,2986.6060132592484,2032-Mar-25 15:50:48.236898,2043-May-03 02:28:26.271533,4055.4428013267957,3649.0532795981844,406.38952172861116,"[11772.660280519654, 0.20286374315158232, 0.21279983687752826, 0.06866289164848724, 0.19684006641732274, 0.07784716184420949, 0.4209206166611259, 0.9989651886574163]","[1.7590011427031709, 0.46342012603925536, 406.38952172861116]"
62,EVVMES,6128.811409922713,3528.1417900210404,2600.669619901673,2031-Mar-17 16:38:10.180299,2042-Mar-30 09:12:04.731166,4030.690214709109,3648.425010310728,382.2652043983811,"[11398.693173383093, 0.12092374507632367, 0.19082818125485043, 0.10118515723023329, 0.32508779558853046, 0.9989999999193828]","[1.6956025177500185, 0.48092833882973723, 382.2652043983811]"
63,EVVMEJS,6732.435464210428,3898.5673196929874,2833.8681445174407,2032-Dec-19 15:14:25.851634,2044-Feb-14 00:51:04.227472,4073.4004441647894,3648.9389176967816,424.4615264680079,"[12041.635021430948, 0.039124915525942584, 0.27155665822824837, 0.1207589579448384, 0.33766902371584606, 0.40263366146319474, 0.998806095110173]","[1.818568526837678, 0.4841830869070759, 424.4615264680079]"
64,EVVMVEES,11876.376247629123,6795.860834671617,5080.515412957506,2031-Jun-01 21:36:12.921649,2042-Jun-02 06:20:39.506645,4018.3641965856027,3648.9282847599657,369.4359118256369,"[11474.900149556124, 0.04954472181678495, 0.11965484705538786, 0.23705256411297115, 0.18111001869274465, 0.1895058583635083, 0.3964140015644025, 0.9988518657687923]","[1.65, 0.4674289683846189, 369.4359118256369]"
65,EVVMVEEJS,9665.113468215064,3689.2089010122277,5975.904567202837,2030-Jan-25 02:19:02.732416,2041-Feb-08 23:18:18.957519,4032.874493346109,3649.2874822803874,383.5870110657216,"[10982.096559402957, 0.10782310920316238, 0.11731928362206896, 0.09838141779281764, 0.08882456790701426, 0.11970074152840311, 0.4131712445215842, 0.4230150268202478, 0.9989876816357606]","[1.65, 0.3961984410656126, 383.5870110657216]"
66,EVVMVEVS,12872.490245593603,9688.01551509181,3184.474730501792,2030-Feb-07 15:38:16.319609,2041-Mar-12 18:53:15.911909,4051.1354119479215,3648.408704440906,402.72670750701525,"[10995.651577773253, 0.04434457593627969, 0.1701339439431942, 0.08542223489837092, 0.07433934149602878, 0.23162790220897134, 0.33062635895261594, 0.9987374865339983]","[1.7438410267519429, 0.4567900725038968, 402.72670750701525]"
67,EVVMVEVJS,10638.003233609383,6456.644984801704,4181.358248807679,2032-Sep-19 05:46:22.625098,2043-Nov-26 13:20:28.364245,4085.315344203089,3646.8556437892644,438.4597004138246,"[11950.240539642336, 0.11849995906357141, 0.1927856028423842, 0.23774980534856802, 0.16238511504881542, 0.11267596592974649, 0.26367563272395983, 0.43684614078914547, 0.9948464413105403]","[1.7977381947924496, 0.3776369973256722, 438.4597004138246]"
68,EVVMVEMS,11754.863972126164,8590.438386467607,3164.425585658557,2031-Jun-25 23:40:56.273045,2042-Aug-04 23:15:35.930095,4057.982403438074,3648.76035216154,409.2220512765338,"[11498.986762419507, 0.04730714785795756, 0.12142514683477289, 0.049954547847816264, 0.10539881627254288, 0.18143935505339154, 0.42052439742836045, 0.9989934996751917]","[1.7634267991574792, 0.45747154741414797, 409.2220512765338]"
69,EVVMVEMJS,12630.815020378595,8493.764839065821,4137.050181312774,2031-Jun-05 00:17:24.879669,2042-Jul-04 06:23:07.724551,4047.253968112063,3647.4027589186717,399.8512091933912,"[11478.012093514688, 0.2233336172926796, 0.1660947013211193, 0.06557879855768194, 0.13561556604460487, 0.2757606334887009, 0.08086331440711186, 0.4449447663158521, 0.9963185398220742]","[1.697366642192782, 0.3947570461581559, 399.8512091933912]"
70,EVVMVES,7363.967880778062,4830.15966599251,2533.808214785552,2031-Jul-04 23:32:56.896737,2042-Aug-20 23:30:59.300181,4064.998638928752,3645.7001004010463,419.29853852770583,"[11507.9812140826, 0.047167058209097584, 0.21909709203267755, 0.08607421933818371, 0.10213024090733261, 0.24958239750676822, 0.9974288680706445]","[1.8060316884030747, 0.4776710286892128, 419.29853852770583]"
71,EVVMVEJS,6468.4883922635545,3665.2308601462046,2803.25753211735,2032-Dec-30 23:59:06.430788,2044-Jan-29 03:45:27.962753,4046.1571936570062,3648.9475459292926,397.2096477277138,"[12052.999379985968, 0.1794718730077901, 0.13037005809218516, 0.09049470597151624, 0.10442739565927875, 0.29918599477113245, 0.39691323381239024, 0.9988262010187565]","[1.7347862426410927, 0.4657062032828551, 397.2096477277138]"
72,EVVMVVES,11421.742895120526,8190.46209844859,3231.2807966719356,2031-May-02 13:22:29.546128,2042-May-17 07:44:46.527474,4032.76547432114,3648.547423694503,384.21805062663714,"[11444.557286413516, 0.14609311297281918, 0.16790195116270806, 0.08309112638783167, 0.10026479095804328, 0.1714147273648785, 0.30790094777484384, 0.9988161008322765]","[1.6879786650283328, 0.45621458896477624, 384.21805062663714]"
73,EVVMVVEJS,10531.593803523014,6218.156749020661,4313.437054502353,2031-Jun-01 04:54:32.061851,2042-Jul-20 06:54:53.103066,4067.0835768659117,3634.5985634207605,432.48501344515125,"[11474.20453775291, 0.04188335633195166, 0.24224639955320915, 0.056412097793764854, 0.13034943711306615, 0.38274598195295695, 0.046306970488117244, 0.4535187177456634, 0.9779835647492028]","[1.7647862389967182, 0.3567784899446322, 432.48501344515125]"
74,EVVMVVVS,14273.783700637552,10306.98815013211,3966.7955505054415,2032-Feb-27 08:58:57.272754,2043-Apr-17 07:21:38.724971,4066.932424215466,3647.8118365690943,419.1205876463718,"[11745.374273990212, 0.15185120460558652, 0.2639877288393815, 0.10310526445558077, 0.10047430109093947, 0.18114249632927928, 0.2731285036178442, 0.9980000977709871]","[1.7626394131092338, 0.4084175904998064, 419.1205876463718]"
75,EVVMVVVJS,10692.851326611177,5534.148564233635,5158.702762377542,2031-Jan-31 08:31:40.711720,2042-Jan-09 16:50:16.180417,3996.346243850656,3627.383263588169,368.9629802624868,"[11353.355332311576, 0.21788138351389646, 0.11889215094216783, 0.057920590360512066, 0.13392803150684435, 0.17213975327361333, 0.3162527430003563, 0.46359515970430326, 0.9637048520731645]","[1.65, 0.4780147754947216, 368.9629802624868]"
76,EVVMVVMS,12910.394424481396,10198.657416197953,2711.7370082834423,2030-Feb-06 01:45:26.456109,2041-Feb-08 18:30:13.658499,4020.697768546174,3637.998238466074,382.69953008010003,"[10994.073222871637, 0.10672800049057547, 0.11636771070154375, 0.06087547319150699, 0.20430594300691038, 0.2954281988378107, 0.07437533176458434, 0.991451944057922]","[1.696088021852864, 0.48363811035221593, 382.69953008010003]"
77,EVVMVVMJS,12108.575418883553,7016.416986880889,5092.158432002663,2031-Apr-08 15:10:16.230190,2042-Apr-15 20:56:18.517145,4025.2403042471637,3577.0148231849507,448.2254810622132,"[11420.632132293866, 0.03610304551667818, 0.13909667047606813, 0.2192076209306664, 0.29709059616363304, 0.21888935582796493, 0.09249010067843708, 0.4156080242284303, 0.8940127279824016]","[1.65, 0.22565233502103776, 448.2254810622132]"
78,EVVMVVS,9229.535398446644,6356.350735170359,2873.1846632762845,2031-Mar-12 20:02:38.125293,2042-Apr-15 10:14:19.553481,4051.5914517151473,3648.5700771398906,403.02137457525674,"[11393.835163487185, 0.1224369890022671, 0.1891015293941958, 0.08839807383608736, 0.08345532130273497, 0.3483112710437245, 0.9989889424663756]","[1.751704444183845, 0.468405522744919, 403.02137457525674]"
79,EVVMVVJS,7562.695486573021,3189.5806672203607,4373.114819352661,2031-Jan-14 22:49:39.441582,2042-Feb-26 16:29:09.026535,4060.7357590851007,3649.187085265287,411.54867381981364,"[11336.951150944236, 0.19274892847468936, 0.13717012799401682, 0.08744473999928674, 0.08542295638115069, 0.3443897388881351, 0.46170767067807666, 0.9989143872723749]","[1.7022253098384112, 0.3538475022360502, 411.54867381981364]"
80,EVVMVMES,9598.431325750675,6439.874704575111,3158.556621175564,2031-May-25 14:10:52.730290,2042-Jul-20 00:41:51.399670,4073.4381790437424,3648.71418047251,424.72399857123236,"[11467.590888082064, 0.0406563765035329, 0.24264956452144024, 0.05027719470464646, 0.2173478215200989, 0.07348955269683102, 0.2959965238987321, 0.9989999417648893]","[1.8087070118767423, 0.45717830397432074, 424.72399857123236]"
81,EVVMVMEJS,12177.169179990233,7155.468580737821,5021.700599252412,2032-Sep-02 13:44:10.234911,2043-Jul-05 22:44:06.539518,3958.3749572292513,3587.563433967903,370.8115232613483,"[11933.57234068184, 0.09965470743431659, 0.14770507942380706, 0.2792224128687454, 0.2809469497846506, 0.09182277341742112, 0.21680102172673046, 0.4411240611353996, 0.8918001128668311]","[1.65, 0.46037426338979653, 370.8115232613483]"
82,EVVMVMVS,13010.137649702625,8944.468599240288,4065.6690504623366,2032-Feb-16 14:48:46.022375,2043-Mar-16 07:55:32.247630,4045.7130350145285,3648.9564900084197,396.756545006109,"[11734.61719933304, 0.2690147082868504, 0.15815181995108218, 0.08610721738822054, 0.1346716746761664, 0.33513910073691683, 0.11645278764598875, 0.9989999433311606]","[1.693275879834388, 0.4024141359813561, 396.756545006109]"
83,EVVMVMVJS,7569.285676383615,2606.2893882855983,4962.9962880980165,2031-Feb-16 21:10:54.482897,2042-May-01 17:12:09.411339,4091.8342005606733,3648.642280155984,443.19192040468954,"[11369.882575033529, 0.18729677109121573, 0.1357861533405127, 0.05354738750863909, 0.21782242170364072, 0.06640189903140714, 0.3324140544537171, 0.4725688055813913, 0.9978236592101649]","[1.65, 0.23324219529411744, 443.19192040468954]"
84,EVVMVMMS,19608.926823704987,16514.770677408327,3094.15614629666,2031-Jun-26 12:39:28.994594,2042-Jul-04 01:50:58.986941,4025.5496526892052,3648.6956742774782,376.853978411727,"[11499.527418918908, 0.04727968288891414, 0.12130621952687795, 0.04971855482338898, 0.25827132904575584, 0.3126163589447701, 0.12186729193565922, 0.9989966936676811]","[1.66887368654424, 0.46120458123801433, 376.853978411727]"
85,EVVMVMMJS,17793.07183525305,13393.30260057488,4399.76923467817,2031-Apr-04 10:53:03.095990,2042-Apr-15 10:05:42.000244,4028.967116947383,3649.2938191965623,379.6732977508211,"[11416.453508055443, 0.11912765652416768, 0.18915813787729915, 0.05273171175302396, 0.22225199945895202, 0.12294770728932779, 0.23206073516651504, 0.4758581936169393, 0.998958496242293]","[1.65, 0.4148001918346597, 379.6732977508211]"
86,EVVMVMS,9367.767793819592,6662.976460546749,2704.791333272843,2030-Mar-01 20:43:59.627573,2041-May-31 13:36:16.164830,4108.702969181214,3648.5739828335018,460.1289863477119,"[11017.863884578395, 0.04265785513992497, 0.16590533634879506, 0.27352568199486016, 0.28214267111735464, 0.06181928425165829, 0.9989999897259435]","[1.85, 0.36528994948873045, 460.1289863477119]"
87,EVVMVMJS,10722.147891828712,7339.774836825196,3382.373055003516,2031-Nov-29 02:08:53.116418,2042-Dec-26 12:09:03.803642,4045.416790361378,3649.155140738962,396.261649622416,"[11655.089503662251, 0.2534273351141489, 0.206002154555413, 0.055749771728310436, 0.254615032682231, 0.0784869163319689, 0.4232243124107662, 0.9989561840796867]","[1.7196721405879516, 0.44851441192666286, 396.261649622416]"
88,EVVMVS,6810.4834146361745,4222.632053081063,2587.851361555112,2030-Mar-31 19:26:53.025862,2041-Feb-24 19:09:23.615501,3982.987854046754,3582.727249545595,400.2606045011589,"[11047.810335947474, 0.25934326454719214, 0.17459487136453541, 0.08321905014609789, 0.1422434877977005, 0.9616617243317918]","[1.7478840238668911, 0.4711531375984931, 400.2606045011589]"
89,EVVMVJS,6813.400772238844,3792.200140361249,3021.2006318775952,2032-Apr-04 14:25:06.401059,2043-May-03 01:17:02.520037,4045.4527328585455,3649.1134946858047,396.3392381727406,"[11782.600768530776, 0.20095939598894474, 0.2128890892046099, 0.050990297339304345, 0.26835555925846777, 0.44382307369277046, 0.9989999999999954]","[1.7284273852265841, 0.4619930390687982, 396.3392381727406]"
90,EVVMMEES,15326.090235332127,10958.37984822759,4367.7103871045365,2032-Sep-30 08:58:29.773103,2043-Sep-23 11:50:01.680539,4010.119119299028,3648.9676047591165,361.15151453991143,"[11961.373955707213, 0.11941061639740769, 0.13197803477678977, 0.11135011467514964, 0.27707488060526436, 0.06608141617819988, 0.3832403669942011, 0.9989999999868839]","[1.65, 0.49327633924194386, 361.15151453991143]"
91,EVVMMEEJS,13656.140035831511,9483.461666612453,4172.678369219058,2031-Jun-03 02:10:52.088905,2042-May-01 06:21:00.087126,3985.1737036831146,3639.512646853368,345.6610568297465,"[11476.090880658625, 0.024426651971507337, 0.158731641542738, 0.06807848137270721, 0.24598095539838502, 0.12182011159935426, 0.26337155218063074, 0.4769242463984982, 0.98527618581929]","[1.65, 0.42583893598002476, 345.6610568297465]"
92,EVVMMEVS,15145.716280337188,12022.907050822363,3122.8092295148253,2031-Jun-25 09:54:04.855170,2042-Aug-04 23:01:34.006118,4058.5468651730016,3648.6226893292123,409.9241758437895,"[11498.412556194098, 0.04631079966922012, 0.12096827424723176, 0.058245323332107496, 0.2360761871232657, 0.20370831757358354, 0.2505690135235067, 0.9989515783643406]","[1.7664728897898434, 0.45905168864915213, 409.9241758437895]"
93,EVVMMEVJS,19234.304930924693,14923.66452915176,4310.640401772933,2032-Oct-27 06:39:08.539909,2043-Oct-09 18:06:43.646808,3999.47748966318,3584.0990775406976,415.37841212248264,"[11988.27718217487, 0.06416102646728401, 0.15588528263948004, 0.09108359568418647, 0.24495880404932224, 0.18544905462912675, 0.3069648051810938, 0.41524505670758627, 0.8991086355401581]","[1.7219398759242066, 0.3650679445865615, 415.37841212248264]"
94,EVVMMEMS,FAILED,,,,,,,,,
95,EVVMMEMJS,16804.085387934414,12838.584803406206,3965.5005845282085,2031-Jun-17 09:05:16.278412,2042-Jul-04 06:16:57.923009,4034.883120886532,3633.3207207562987,401.5624001302337,"[11490.378660629773, 0.04824453209257481, 0.1183127642451346, 0.06544450281506996, 0.2358718796597285, 0.05702477247025191, 0.28344109957870695, 0.4830667959837436, 0.9781683482508912]","[1.7131396936096792, 0.41160369646145584, 401.5624001302337]"
96,EVVMMES,12310.3299652018,7672.151576108062,4638.178389093738,2032-Aug-27 20:17:18.903910,2043-Oct-09 19:34:12.222544,4059.9700615582615,3648.9952780230324,410.9747835352293,"[11927.84535768414, 0.11969322585726475, 0.13377071078039637, 0.09371477661160377, 0.4917825066521078, 0.21626194331813026, 0.9989999984228636]","[1.65, 0.29923966250079426, 410.9747835352293]"
97,EVVMMEJS,FAILED,,,,,,,,,
98,EVVMMVES,13349.700872844405,8685.572544813527,4664.128328030878,2031-Jul-27 06:55:05.635704,2042-Sep-06 03:41:43.688459,4058.8657182031766,3649.0014341941032,409.8642840090733,"[11530.288259672505, 0.04566040912823206, 0.17305079965428186, 0.25003474521743885, 0.2957082766996642, 0.187325081643401, 0.19281568392255055, 0.9989994961729581]","[1.65, 0.3022281939449889, 409.8642840090733]"
99,EVVMMVEJS,10343.287373077494,6889.751264045936,3453.5361090315573,2032-Jul-21 12:18:52.229906,2043-Jul-21 19:39:12.531326,4017.3057905256974,3592.103042666109,425.20274785958816,"[11890.513104512796, 0.12630618081571504, 0.13539027119808578, 0.04762318779840223, 0.3334272327982858, 0.07484323355902706, 0.1502459976283134, 0.4320769676926094, 0.9259152047327355]","[1.8016595716951562, 0.44298431475219363, 425.20274785958816]"
100,EVVMMVVS,15876.90479400773,11045.230983283654,4831.673810724076,2032-May-20 11:23:33.625493,2043-May-19 01:49:59.296897,4015.6016860116188,3646.9797275288556,368.6219584827629,"[11828.474694739502, 0.13744198371404145, 0.13785529975921165, 0.06373406977228828, 0.27015768817619495, 0.28738437398448513, 0.26680548097279366, 0.9968833934963351]","[1.65, 0.4693179063840674, 368.6219584827629]"
101,EVVMMVVJS,16342.66000487599,12711.127477690086,3631.5325271859037,2032-Jan-25 16:46:53.700116,2043-Feb-28 09:59:37.861151,4051.717177789762,3648.234461547316,403.48271624244575,"[11712.69923264023, 0.03552035876162427, 0.15592139094678045, 0.055068162623881894, 0.30991102469416465, 0.0640987670334487, 0.28469321022564, 0.4527479708218124, 0.9975129011960886]","[1.7332286902920184, 0.4354594944163521, 403.48271624244575]"
102,EVVMMVMS,16325.933623817093,12186.677504610998,4139.256119206095,2032-Aug-26 12:17:56.473929,2043-Sep-23 16:39:53.594225,4045.181911114534,3648.8632183359573,396.31869277857686,"[11926.512459188994, 0.11983546504659155, 0.13174122405203217, 0.08546366367226094, 0.2590572791757183, 0.1116861916063358, 0.3267032361410757, 0.9989944293079046]","[1.6870039393652638, 0.39470867797973763, 396.31869277857686]"
103,EVVMMVMJS,16902.47768581338,12292.597952322798,4609.879733490583,2032-Jun-22 07:41:40.220665,2043-Jul-05 22:54:54.744174,4030.634195873946,3649.4350448113673,381.19915106257855,"[11861.320604405844, 0.13474914737609925, 0.13666762642381503, 0.08787447804291688, 0.2612111213366076, 0.11094650139110968, 0.349778407235353, 0.48317418852011984, 0.9989708169155094]","[1.65, 0.4073729675085556, 381.19915106257855]"
104,EVVMMVS,12785.342021026558,8685.901013265102,4099.441007761456,2030-Feb-23 02:07:57.406902,2041-Apr-13 18:59:24.559993,4067.7023976052183,3648.9749540996354,418.7274435055828,"[11011.088858876183, 0.28094471620114464, 0.16049006538264496, 0.12712666903454956, 0.3569506331923246, 0.17151057787418203, 0.998999585864928]","[1.7525452941251711, 0.39461972712941157, 418.7274435055828]"
105,EVVMMVJS,14034.229180959952,10942.427543728209,3091.8016372317434,2032-Jan-09 22:22:01.748016,2043-Feb-28 08:58:18.572056,4067.4418613893477,3649.0808566256296,418.3610047637181,"[11696.931964676114, 0.09706328414442685, 0.10805353842016444, 0.0562040475334297, 0.3146125196807539, 0.08632248703102462, 0.47096175361896486, 0.9989999999713467]","[1.791935493659449, 0.460322894844327, 418.3610047637181]"
106,EVVMMMES,16789.41034621473,14383.881701461858,2405.5286447528706,2031-Mar-17 00:40:01.008841,2042-Apr-15 08:58:02.670911,4047.3458525702536,3647.999219608308,399.34663296194555,"[11398.027789454178, 0.12106550140422674, 0.19087036279560704, 0.10161908557443194, 0.01119628104556087, 0.07907237351004794, 0.05782515731425199, 0.9989999900421878]","[1.7487097453157296, 0.4773514181556887, 399.34663296194555]"
107,EVVMMMEJS,16953.337469827224,14110.422860646087,2842.9146091811363,2032-Dec-21 03:09:40.191467,2044-Jan-29 05:42:49.303071,4056.1063554583743,3638.5796597676335,417.5266956907409,"[12043.13171517902, 0.18169624136558418, 0.13099309646371995, 0.08248591195975706, 0.0017115865500610273, 0.029385673361004696, 0.3518842830367868, 0.40149955129098186, 0.9872410215904966]","[1.7942721711456864, 0.4659493708551396, 417.5266956907409]"
108,EVVMMMVS,18629.030948670035,15660.327701463237,2968.7032472067986,2031-Jan-24 15:33:00.579579,2042-Feb-26 14:19:33.804202,4050.9489956553534,3648.63971510419,402.30928055116345,"[11346.647923374763, 0.1889377184424962, 0.13809739266293877, 0.10038325206694532, 0.20881840972367136, 0.12967753844606458, 0.1403863743461376, 0.9989988309309454]","[1.7475774021537338, 0.4650896918375322, 402.30928055116345]"
109,EVVMMMVJS,18335.986536654043,14308.608704057453,4027.3778325965905,2031-Mar-15 20:22:33.726379,2042-Mar-14 11:03:14.239371,4016.6115800114826,3649.1826669237043,367.4289130877783,"[11396.849001462715, 0.12137943389343296, 0.19092152808688265, 0.10128418817930851, 0.17438504949553593, 0.0639100064454273, 0.19268034155179609, 0.46448818263611874, 0.9989509840807429]","[1.65, 0.48119257098712126, 367.4289130877783]"
110,EVVMMMMS,15645.68420292707,13273.91142304209,2371.772779884981,2031-Mar-21 15:30:40.247974,2041-Nov-06 21:18:13.429988,3883.2413562733036,3531.9333960014696,351.30796027183413,"[11402.64629916637, 0.1203123023921196, 0.19048069167404413, 0.09730051455545988, 0.02889353921791396, 0.07568497811395994, 0.08162367475612776, 0.9389581415104022]","[1.65, 0.45488877949529727, 351.30796027183413]"
111,EVVMMMMJS,15459.83136846163,12383.419597605585,3076.4117708560443,2032-Feb-18 22:24:07.659730,2043-Apr-17 02:25:53.068800,4075.167886679052,3649.1019084136906,426.0659782653617,"[11736.933421987611, 0.2683089945780697, 0.15779501351707587, 0.08984750786817772, 0.1059415872857848, 0.05053745094278188, 0.07033769244021058, 0.44460475086315066, 0.9989990855496327]","[1.8143943867722236, 0.4596048048936089, 426.0659782653617]"
112,EVVMMMS,15381.210451518662,13058.654761297967,2322.5556902206954,2031-Mar-16 14:11:11.303349,2042-Feb-10 12:27:07.791753,3983.927737134306,3586.65134814018,397.2763889941259,"[11397.591103048018, 0.12117853227743236, 0.19089093750432753, 0.1016538898840739, 0.07269144821466308, 0.10937606860243644, 0.9671016230429337]","[1.7447579482366247, 0.48446036377948815, 397.2763889941259]"
113,EVVMMMJS,15195.887915072468,12289.261234526497,2906.626680545971,2032-Apr-23 07:37:22.003447,2043-Jun-19 21:12:05.498149,4074.565781188674,3649.0532443278066,425.51253686086756,"[11801.31761578064, 0.1995110014499179, 0.14720538353184603, 0.2597054290126985, 0.06994080251666865, 0.020265680256932508, 0.4367244482856193, 0.9989999980333255]","[1.8163302171970441, 0.4643803351208054, 425.51253686086756]"
114,EVVMMS,11863.587554896549,8608.567477906798,3255.020076989751,2031-May-31 09:35:48.009802,2042-Jun-18 03:03:15.817708,4035.727405184104,3640.389521645197,395.33788353890714,"[11473.399861224556, 0.02525286065952726, 0.261324072309636, 0.14350800557157098, 0.46112490456714306, 0.9920769060792128]","[1.7203171655356937, 0.4542688843288938, 395.33788353890714]"
115,EVVMMJS,8380.025409669975,3999.0604204488554,4380.96498922112,2031-Mar-02 13:56:44.728867,2042-May-01 13:05:41.568504,4077.9645467550513,3647.2317165759773,430.732830179074,"[11383.581073250778, 0.18647384050639496, 0.13446708226881782, 0.04473043246222751, 0.41449526041465873, 0.4974045207469052, 0.9961683340430013]","[1.7469275850405508, 0.3411754351828523, 430.732830179074]"
116,EVVMS,7359.439949354306,4862.931987877517,2496.507961476789,2031-Mar-08 01:24:14.967429,2041-Sep-04 01:20:16.349580,3832.9972382193455,3419.3688208420626,413.6284173772827,"[11389.05850656746, 0.18623935061941443, 0.13396146961258912, 0.03642353524912825, 0.9069524222947479]","[1.7911936956225278, 0.48518146872584655, 413.6284173772827]"
117,EVVMJS,8584.247846329421,5782.139704878373,2802.108141451048,2032-May-09 17:44:04.637991,2043-Jun-03 22:28:18.429233,4042.197381843082,3648.73033330438,393.46704853870176,"[11817.738942569342, 0.17467031308657943, 0.16059306184592026, 0.2625039139651015, 0.4638372377020808, 0.9987301849380262]","[1.7239568905716032, 0.467172975771453, 393.46704853870176]"
118,EVVS,7895.924778704973,5414.4291056279635,2481.495673077009,2032-May-05 13:52:55.378368,2043-Jan-27 10:26:59.900249,3918.856996781026,3530.0944638379083,388.76253294311755,"[11813.578418731113, 0.23412647461577954, 0.17884198484077737, 0.9477648823178352]","[1.7156319563647775, 0.475341487515201, 388.76253294311755]"
119,EVVJS,7750.20967900617,4392.313441278057,3357.8962377281123,2031-Jan-03 01:09:22.631500,2041-Jul-02 08:47:05.308833,3833.3178550617313,3442.4477322233547,390.8701228383768,"[11325.048178605322, 0.22239587352209889, 0.17739175058509765, 0.3337375353384486, 0.8665748639110978]","[1.704427334072723, 0.4499798785268337, 390.8701228383768]"
120,EVMEEEES,20122.053219593814,16940.79650869751,3181.256710896305,2031-May-15 15:38:04.860711,2042-Jul-04 04:21:00.512729,4067.5298107872495,3648.7204416800723,418.80936910717696,"[11457.651445147118, 0.05076601222727659, 0.18941193508047502, 0.4250798739005817, 0.06716285010080775, 0.054572215937471906, 0.10142988299792681, 0.9989999998675514]","[1.791151897700707, 0.45706649252637405, 418.80936910717696]"
121,EVMEEEEJS,18673.483638444028,15999.389353909319,2674.094284534709,2032-Sep-02 04:29:19.136101,2043-Sep-23 14:06:54.002174,4038.401097986957,3638.5394101189004,399.8616878680567,"[11933.187027038208, 0.0994655870145156, 0.20816735835488115, 0.05178022767262902, 0.07315882181392488, 0.10842353480580566, 0.11884082791998049, 0.42629312758724036, 0.988883628535574]","[1.7482033554096097, 0.4849948244601, 399.8616878680567]"
122,EVMEEEVS,15977.221711815759,12286.60520922179,3690.616502593968,2032-Dec-30 18:23:57.145800,2044-Mar-01 04:42:02.979384,4078.429234184999,3644.6398844922887,433.78934969271035,"[12052.766633631942, 0.11756962641683316, 0.05813260303729836, 0.13877251785330771, 0.26246745401285004, 0.2775545074710878, 0.16464849549345315, 0.9953906715349016]","[1.8176695975076238, 0.42852521708944036, 433.78934969271035]"
123,EVMEEEVJS,17940.890320492268,13322.383221209859,4618.507099282409,2032-Jul-04 19:25:49.014130,2043-Jun-19 21:46:05.441274,4002.0974123512055,3649.2682678068936,352.8291445443118,"[11873.80959507095, 0.12176705984293343, 0.20798174737305689, 0.04057937104587496, 0.32060285658303916, 0.29897652121526597, 0.13779441026724235, 0.4502919573244606, 0.9986692204210286]","[1.65, 0.4695454721820453, 352.8291445443118]"
124,EVMEEEMS,14785.55554511422,11235.762108620307,3549.7934364939138,2031-Feb-28 09:48:11.814077,2042-Mar-30 11:47:15.935606,4048.0826865917693,3648.861243827107,399.2214427646624,"[11381.408470070337, 0.11681317004675267, 0.06717395938448231, 0.09117101004744549, 0.2607395655482808, 0.3527132678068368, 0.1292206641475225, 0.9989999995862118]","[1.723506387932877, 0.44029054032470616, 399.2214427646624]"
125,EVMEEEMJS,13706.173719298567,8654.184428111865,5051.989291186703,2031-Jan-10 09:14:49.344768,2042-Jan-25 19:22:45.242619,4033.4221747436463,3649.3826503854734,384.0395243581731,"[11332.385293342222, 0.1290999791679017, 0.06580676369433333, 0.08056869228671487, 0.294385546970409, 0.33873860663551014, 0.1093079141292084, 0.4559434157423814, 0.9989999960633712]","[1.65, 0.39415363937036685, 384.0395243581731]"
126,EVMEEES,9765.762213876485,6269.6603688240475,3496.101845052438,2031-Feb-07 13:49:56.839070,2042-Mar-30 12:28:08.984059,4068.9431961225573,3648.807982882834,420.13521323972316,"[11360.576352304046, 0.12173615869897202, 0.06547149528590289, 0.07484005367399926, 0.19937680592720725, 0.4628110358648303, 0.9989999999999296]","[1.7859922562745314, 0.44188162472876835, 420.13521323972316]"
127,EVMEEEJS,17580.990722915536,12529.281726615398,5051.708996300138,2031-Mar-10 17:30:50.311475,2042-Jan-09 18:23:01.804653,3958.0362441340026,3584.8883180658977,373.1479260681047,"[11391.729748975404, 0.1179939462872141, 0.07338337782124318, 0.09332612799727016, 0.25402093448230717, 0.37862223225441816, 0.4552837829240291, 0.9046565987717592]","[1.65, 0.44855486980429954, 373.1479260681047]"
128,EVMEEVES,7373.004832258317,4074.052737839877,3298.95209441844,2031-Apr-08 10:59:41.944838,2042-Mar-30 07:52:43.138787,4008.870152707754,3648.648796191658,360.22135651609585,"[11420.458124361547, 0.11967929798921288, 0.13588682762006973, 0.050387125843931596, 0.34968644198512755, 0.2683445070408205, 0.04238865915175599, 0.9988752626037529]","[1.65, 0.49188761062977604, 360.22135651609585]"
129,EVMEEVEJS,8270.255293847735,4199.278707191682,4070.976586656053,2031-May-27 04:25:04.864613,2042-Jun-02 06:26:03.015110,4024.084006371491,3649.28392852937,374.8000778421209,"[11469.184084081173, 0.04704189628447115, 0.17498581891105225, 0.09596461093949432, 0.18368467407496458, 0.1770170250396129, 0.20550197266258988, 0.4828785594410686, 0.9989999800023243]","[1.65, 0.43983480801715724, 374.8000778421209]"
130,EVMEEVVS,8339.573031228834,5219.843295995866,3119.729735232968,2031-Jun-16 06:56:51.496303,2042-Jun-18 05:29:36.909977,4019.9394145101146,3648.686731150116,371.25268335999874,"[11489.28948491091, 0.04665482988534528, 0.19471115364110703, 0.07710774600027999, 0.3026328702214691, 0.062392782903594755, 0.22459752496044585, 0.9989983907526998]","[1.6515427796423054, 0.4610439932724169, 371.25268335999874]"
131,EVMEEVVJS,11184.089004032205,6309.557237994639,4874.531766037566,2031-Feb-13 06:16:47.778108,2042-Feb-10 12:44:58.434284,4015.269567779816,3649.3772116158375,365.89235616397843,"[11366.261664098474, 0.1206470859447971, 0.06702406103265308, 0.07198050051764988, 0.19945273316652803, 0.23562731432886738, 0.3013506711242526, 0.4757907766944551, 0.998999998056221]","[1.65, 0.4833865251972269, 365.89235616397843]"
132,EVMEEVMS,14801.54162300453,11365.754899695485,3435.7867233090456,2031-Apr-05 17:15:17.774818,2042-Apr-15 08:33:08.842377,4027.637396615264,3648.8633698614804,378.7740267537836,"[11417.71895572706, 0.1195625886265841, 0.1344498981342661, 0.05039362605702354, 0.31989486477992524, 0.2984790894478001, 0.10189612502673963, 0.9989957340525947]","[1.66633614606718, 0.44708175764749897, 378.7740267537836]"
133,EVMEEVMJS,12467.011761188402,8045.332171225815,4421.679589962587,2031-Apr-28 14:46:17.719983,2042-Jun-02 11:28:19.164759,4052.8625167219393,3648.3003482723047,404.5621684496346,"[11440.615482870176, 0.08557817143903228, 0.0591287876153196, 0.1404210390579066, 0.34281676077756407, 0.26760372017163025, 0.08597069239206441, 0.437390345494641, 0.9974560731278325]","[1.6774393960515586, 0.3485057719540617, 404.5621684496346]"
134,EVMEEVS,7197.519216115348,4530.357790499218,2667.16142561613,2031-Jan-01 06:25:04.344242,2042-Feb-10 11:57:29.357104,4058.230845056282,3648.41848944543,409.81235561085174,"[11323.267411391686, 0.1300836303547956, 0.05223142440546917, 0.07546131213853417, 0.2086906238920779, 0.2834068256242306, 0.9989975670029282]","[1.776865566940229, 0.4801131168873604, 409.81235561085174]"
135,EVMEEVJS,8842.072962143538,5047.992585093801,3794.0803770497378,2031-Feb-20 13:47:32.014048,2042-Feb-26 15:41:19.735394,4024.079024552623,3639.374901992525,384.70412256009837,"[11373.574676088516, 0.12203371575198045, 0.11084922419939255, 0.02996097994220765, 0.20066296764841815, 0.23201364769054858, 0.4680592045844224, 0.9882279827073304]","[1.6723163663105842, 0.4270390263086426, 384.70412256009837]"
136,EVMEEMES,11005.153707524605,5587.213617311789,5417.940090212816,2031-May-19 16:37:46.609411,2042-Aug-05 11:00:32.032577,4095.7658035088675,3649.07865756376,446.6871459451077,"[11461.692900571883, 0.04846760866796846, 0.1840339312074944, 0.07929468632551741, 0.18381140769456228, 0.24866350281988236, 0.4522895370321301, 0.9989486777859248]","[1.65, 0.2279055493747442, 446.6871459451077]"
137,EVMEEMEJS,12651.96907867106,8881.574075722634,3770.395002948426,2031-Mar-24 22:27:12.943928,2042-Mar-14 13:03:59.601273,4007.608873348897,3633.6606052556976,373.94826809319926,"[11405.93556648065, 0.11941280665632378, 0.1279089174671159, 0.04890733202756439, 0.17990087905726432, 0.161781887742293, 0.12415009499715908, 0.44717490618345856, 0.9815861231887439]","[1.65, 0.44433146452834793, 373.94826809319926]"
138,EVMEEMVS,8731.50145816939,5784.23675534255,2947.26470282684,2031-Feb-09 23:32:15.004924,2042-Mar-30 11:41:05.403314,4066.5061388702534,3648.621893838609,417.8842450316443,"[11362.98072922366, 0.12407592892863789, 0.10827043219257836, 0.03043561339238603, 0.3086595349615263, 0.18160179433095278, 0.12099673579283413, 0.9989975415225675]","[1.7938311338998065, 0.4656653714721607, 417.8842450316443]"
139,EVMEEMVJS,11946.735169786745,7934.786920818104,4011.9482489686416,2032-Apr-01 05:36:22.226791,2043-Apr-01 05:04:10.544950,4016.9776425712835,3649.3609130650757,367.6167295062076,"[11779.233590587864, 0.18175323670694948, 0.0731241730494443, 0.22406268026886986, 0.266707472083682, 0.15959723144138357, 0.1596834271642203, 0.44511308223279544, 0.9989645659710363]","[1.65, 0.47298079755879996, 367.6167295062076]"
140,EVMEEMMS,17318.532426284804,13982.732037288868,3335.8003889959364,2031-Apr-23 20:41:00.147702,2042-Jun-18 03:41:42.066295,4073.2921518355715,3648.7792031702993,424.5129486652722,"[11435.861807265068, 0.054673100395687915, 0.17980951990546032, 0.07551046434756359, 0.19100556882658562, 0.09863162806197935, 0.36012599127790584, 0.9989999781908968]","[1.8033553126194093, 0.44934633458073736, 424.5129486652722]"
141,EVMEEMMJS,18050.11470815386,14036.850753088867,4013.263955064991,2031-Jun-17 18:58:24.792599,2042-Jul-20 05:04:51.387695,4050.4211411469378,3649.265701986047,401.15543916089047,"[11490.790564729157, 0.04736755052095479, 0.1971869090683035, 0.07699332065365462, 0.3650832667792862, 0.14780101999379291, 0.020400113328198112, 0.46956275879164777, 0.9989863353253831]","[1.7092621538538892, 0.4073131265803169, 401.15543916089047]"
142,EVMEEMS,FAILED,,,,,,,,,
143,EVMEEMJS,8210.294259442719,5350.4962931051505,2859.797966337568,2032-May-20 15:25:57.756924,2043-Jul-05 20:59:20.604618,4063.2315144409035,3648.838277247635,414.39323719326865,"[11828.643029594032, 0.1679298358386006, 0.07039406520207704, 0.1567636192531705, 0.2788450273655964, 0.057561413875338266, 0.41026910480206713, 0.9987825085618914]","[1.7848934211290426, 0.4661021374568661, 414.39323719326865]"
144,EVMEES,6329.921018146706,3814.1037017214967,2515.8173164252094,2030-Jun-26 12:29:20.561092,2041-Aug-19 03:40:50.554777,4071.6329860380274,3648.318412713689,423.31457332433826,"[11134.520376864486, 0.1816180706751623, 0.10855023357186155, 0.04201226666209351, 0.34080532089938964, 0.9989999999936439]","[1.8171667145149724, 0.4729670243686141, 423.31457332433826]"
145,EVMEEJS,6258.150355223877,2808.0837778164037,3450.0665774074737,2032-Jun-06 02:21:43.909592,2043-Aug-22 18:13:08.211085,4094.6606979339426,3649.213937814031,445.44676011991163,"[11845.098424879538, 0.16983547327204912, 0.12625671903030544, 0.18252960159769355, 0.4131885047417812, 0.42756759710585845, 0.9989187623449043]","[1.85, 0.42638751991082124, 445.44676011991163]"
146,EVMEVEES,10696.925535027522,7366.320330627679,3330.6052043998425,2032-May-01 09:29:12.300543,2043-Jul-05 23:05:49.319185,4082.567095123177,3648.755106547658,433.8119885755185,"[11809.395281256284, 0.13817347342422223, 0.21299616885497846, 0.07455036889832169, 0.09541459161095585, 0.13732570538309216, 0.30848204451678324, 0.9989930916758489]","[1.8303141963789864, 0.44945102834247946, 433.8119885755185]"
147,EVMEVEEJS,7688.83723489224,3896.013444848186,3792.8237900440545,2031-Feb-05 05:06:59.993934,2042-Feb-10 15:28:00.343171,4023.4312540420956,3648.90094404108,374.53031000101544,"[11358.213194374237, 0.12232252026689941, 0.06525299023702878, 0.125168370547022, 0.10568033318391606, 0.030240759436788004, 0.2816562531269301, 0.45168384740867346, 0.9987718444884705]","[1.65, 0.4412516447103168, 374.53031000101544]"
148,EVMEVEVS,11837.63403432279,8257.333611426096,3580.300422896693,2032-May-12 04:48:41.741173,2043-Jun-04 00:43:37.847488,4039.8298160453096,3648.8028867575304,391.02692928777947,"[11820.200483115425, 0.1731965944806048, 0.08545317835973089, 0.10802483357483353, 0.17687571024690885, 0.2573606890621865, 0.21427469520410014, 0.9989875646195832]","[1.6983986699775597, 0.4390047393197283, 391.02692928777947]"
149,EVMEVEVJS,11225.118394715471,5960.112989363868,5265.005405351603,2031-May-18 07:26:08.693657,2042-Jul-04 11:11:53.629385,4065.156770089434,3649.4591157642235,415.69765432521024,"[11460.309822843257, 0.048279967652042004, 0.18004022605216094, 0.07732060406906555, 0.19265005179837036, 0.18140623169229042, 0.3916139749834964, 0.4884045240003018, 0.9989994870865534]","[1.65, 0.2873059733131952, 415.69765432521024]"
150,EVMEVEMS,14158.356911410538,10689.92444042374,3468.432470986798,2031-Mar-17 16:45:19.174787,2042-Apr-15 09:33:21.661733,4046.7000287840924,3648.8315310128546,397.8684977712376,"[11398.698138597074, 0.12066024830831272, 0.12656870411157597, 0.04997873111013868, 0.36528151125266783, 0.18530089768318594, 0.15282852798778257, 0.9989984887497232]","[1.7220067907161791, 0.4444898513832789, 397.8684977712376]"
151,EVMEVEMJS,10568.375400233952,5957.723047838093,4610.6523523958585,2031-Jan-29 02:26:32.035091,2042-Feb-26 18:00:58.717118,4046.6489199308617,3648.849276966185,397.79964296467693,"[11351.10175966541, 0.12349479360383593, 0.059968645902241345, 0.12939940888842105, 0.10656523141803406, 0.030908074601659064, 0.3976292213270353, 0.4993358432900575, 0.9983168457276465]","[1.65, 0.33916567416833115, 397.79964296467693]"
152,EVMEVES,7701.020281048728,5046.931024736088,2654.08925631264,2031-Feb-01 11:53:04.449315,2042-Feb-10 12:30:40.593920,4027.0261127847803,3648.246328891464,378.7797838933161,"[11354.495190385594, 0.1221469607831701, 0.048543637765692225, 0.14575764501344246, 0.19852016588233767, 0.27029268688503527, 0.998848610692799]","[1.6828871759592217, 0.47289774223687414, 378.7797838933161]"
153,EVMEVEJS,8361.742182431739,4360.821613443454,4000.9205689882847,2031-Jan-06 10:09:21.330982,2042-Feb-26 14:15:09.420711,4069.1706954829688,3625.940257281311,443.2304382016576,"[11328.423163553032, 0.1292954809047944, 0.050108053018890125, 0.0725861560728606, 0.027510282259881925, 0.3827117946471915, 0.45253349762325323, 0.9738513671498035]","[1.8264359445026401, 0.39926266892109413, 443.2304382016576]"
154,EVMEVVES,9875.925797975,6373.802045498203,3502.1237524767967,2031-Feb-08 20:01:38.916505,2042-Mar-14 14:01:56.261106,4051.7502007476974,3648.8333703456983,402.9168304019989,"[11361.83447820029, 0.1206708138350415, 0.06015370170901545, 0.13055454698579358, 0.09729634638246434, 0.30767001836715013, 0.29366446654898914, 0.9989923259173311]","[1.735895458812884, 0.4428322833374354, 402.9168304019989]"
155,EVMEVVEJS,8935.361507226316,4096.246118827896,4839.115388398421,2031-Feb-06 10:04:12.991977,2042-Feb-10 15:49:12.530873,4022.239577996476,3649.2343246048854,373.0052533915905,"[11359.419594814552, 0.12054082575050716, 0.05661920388499868, 0.13579663195108763, 0.11897334670957264, 0.17561069792530068, 0.37640872974319955, 0.46628325849772667, 0.9987896780484838]","[1.65, 0.4493013911190746, 373.0052533915905]"
156,EVMEVVVS,14399.808973398016,10108.694604641078,4291.114368756938,2031-Apr-27 09:31:38.499468,2042-May-17 11:14:32.646756,4038.071460038059,3648.9058503454353,389.16560969262343,"[11439.396973373472, 0.08584687876630615, 0.07510132800274534, 0.09172637543817383, 0.31521897194132104, 0.25919378414545, 0.28007375586138716, 0.9989311673422874]","[1.6548187040232518, 0.37865607775316723, 389.16560969262343]"
157,EVMEVVVJS,9681.68291387685,5943.459503959186,3738.223409917664,2031-Jun-04 08:31:05.991508,2042-Jul-20 02:59:52.126704,4063.7699784166166,3649.167586522456,414.6023918941606,"[11477.354930457268, 0.045282697196859, 0.17037857855676736, 0.09990592404456226, 0.05593439792454388, 0.2153055947587507, 0.18473395750945376, 0.47783739941121267, 0.9989856315373744]","[1.7610509462323842, 0.42709265384822737, 414.6023918941606]"
158,EVMEVVMS,11735.888728827302,8911.92172761593,2823.967001211371,2030-Jan-26 05:37:46.444871,2040-Nov-21 01:06:29.635581,3951.8116110035953,3574.688129525503,377.1234814780925,"[10983.234565334153, 0.045139784088599026, 0.04053481306335431, 0.11905922030813249, 0.24608245093806302, 0.34003329931195997, 0.04931853928493171, 0.9459527085896072]","[1.6743272904962763, 0.4661793478749962, 377.1234814780925]"
159,EVMEVVMJS,12229.440045204214,8285.771425594468,3943.6686196097453,2031-May-18 00:26:14.439313,2042-May-17 06:51:11.010092,4017.267321421056,3649.225688461541,368.0416329595149,"[11460.018222677232, 0.04834515843002498, 0.18230317740090088, 0.08738771797191489, 0.06858548089457904, 0.20743183118321962, 0.2211121626554726, 0.49374825245319576, 0.9989737723817889]","[1.65, 0.47346938584428655, 368.0416329595149]"
160,EVMEVVS,6915.011154766809,4321.744826226337,2593.2663285404724,2031-Apr-25 18:05:05.093046,2042-Jul-04 02:35:05.333424,4087.3541694488213,3647.945711363195,439.40845808562585,"[11437.75353116951, 0.05448573192266736, 0.18230304601766967, 0.07873409644370165, 0.1940242366623286, 0.1809214923762839, 0.9988030510667855]","[1.85, 0.455165038081038, 439.40845808562585]"
161,EVMEVVJS,8881.269342471376,6357.611904599467,2523.6574378719088,2032-Dec-30 23:59:59.488930,2044-Jan-29 01:39:18.556102,4046.068970684859,3635.3119036243897,410.7570670604689,"[12052.999994084837, 0.1178617836152746, 0.04575956837146093, 0.10403821998741783, 0.17279068455952026, 0.16067129624610707, 0.42681408201776505, 0.9865925646999228]","[1.7827216582044285, 0.4871826019585932, 410.7570670604689]"
162,EVMEVMES,9278.20994066292,6229.629178889125,3048.5807617737955,2031-Jun-09 12:21:13.904922,2042-Jun-18 02:41:37.255592,4026.597492484612,3648.370075779041,378.2274167055706,"[11482.514744269927, 0.04817886548610951, 0.19750256938711575, 0.07794649473984032, 0.3227483035433524, 0.1051478902593881, 0.13018307097626572, 0.998797208895268]","[1.6739713078815481, 0.4627017778299024, 378.2274167055706]"
163,EVMEVMEJS,9206.396815930726,5049.705546327592,4156.691269603134,2031-May-25 04:25:30.835943,2042-Jun-18 06:53:08.893130,4042.1025238100315,3634.6280824240575,407.4744413859741,"[11467.184384675265, 0.046984099828936796, 0.1829944743664098, 0.07901569719537506, 0.0787546482196235, 0.29568505138545353, 0.1702306037039174, 0.4812215424942033, 0.9789730514567456]","[1.7167675908139923, 0.3901224392987351, 407.4744413859741]"
164,EVMEVMVS,9195.460600425582,6246.02209560571,2949.438504819872,2031-Jan-30 22:22:06.089248,2042-Feb-10 12:57:05.714048,4028.6076345463,3648.6356642042188,379.9719703420811,"[11352.93201492185, 0.12210136388561392, 0.05369361705161589, 0.07479432348529025, 0.1890972433939738, 0.3080666903676393, 0.13335816330622174, 0.9989999048722144]","[1.6812298606562277, 0.46582611388942646, 379.9719703420811]"
165,EVMEVMVJS,10141.67558371602,5759.030638235383,4382.644945480637,2031-Jan-18 15:21:50.000644,2042-Feb-26 17:17:55.061458,4057.080614129787,3649.2322826025375,407.8483315272498,"[11340.640162044492, 0.12417979937484576, 0.049318082290196935, 0.14826025194540673, 0.2624440503763117, 0.08344122067820203, 0.21274157029600532, 0.46109020951102264, 0.9989658995526105]","[1.6917543565996467, 0.3542813816038426, 407.8483315272498]"
166,EVMEVMMS,19282.335420475003,16065.650397187697,3216.6850232873057,2031-May-14 19:01:37.772604,2042-May-17 08:07:17.280551,4020.5455961567945,3648.7426361431817,371.80296001361273,"[11456.792798294024, 0.049839557290545684, 0.18531913218114754, 0.07955255582024158, 0.19169858962678335, 0.27169989286082447, 0.17887085234805286, 0.9989997939675274]","[1.6510361343082587, 0.4573454729789199, 371.80296001361273]"
167,EVMEVMMJS,16187.578370595798,11927.316109284333,4260.262261311465,2031-Apr-30 03:24:38.448483,2042-Apr-15 08:53:04.987655,4003.228084944115,3648.4039057127507,354.82417923136404,"[11442.142111672258, 0.08515073698151492, 0.05979956455480568, 0.13777040805236093, 0.2799760867913596, 0.16426675684477499, 0.19277488958868524, 0.47244291369745467, 0.9976991196117239]","[1.65, 0.4761267695785016, 354.82417923136404]"
168,EVMEVMS,9392.832270889621,6210.554311775944,3182.277959113677,2031-Feb-11 21:57:59.327446,2042-Feb-26 13:58:15.875219,4032.666858191815,3648.6652965826306,384.0015616091847,"[11364.915269993588, 0.12353383460956659, 0.10778267628220689, 0.030516530316665645, 0.18118838323028794, 0.4109499176621777, 0.9989999781804735]","[1.6884546916734493, 0.45805261967576677, 384.0015616091847]"
169,EVMEVMJS,10368.224198151234,7308.017103779232,3060.2070943720028,2032-Mar-08 02:14:19.036111,2043-Apr-01 02:51:24.704476,4041.0257600505106,3648.3947621925695,392.63099785794105,"[11755.09327588092, 0.19987100714502243, 0.12388743754301577, 0.26725003205433345, 0.12480545903504005, 0.08010019465283716, 0.41372149273490794, 0.9981860651205009]","[1.7204837617376996, 0.4774768490407958, 392.63099785794105]"
170,EVMEVS,9273.918692115623,6646.918566858216,2627.0001252574075,2031-Feb-19 00:13:56.707096,2042-Mar-14 12:33:39.791662,4041.5136931084076,3640.0996554592193,401.4140376491883,"[11372.009684109904, 0.12277262913848234, 0.1143114440337878, 0.2259763753485764, 0.25638719783842534, 0.9939345481039645]","[1.7512591817374725, 0.473611870515431, 401.4140376491883]"
171,EVMEVJS,8468.900650456484,5119.169188470939,3349.731461985545,2032-Aug-25 02:41:23.985915,2043-Sep-23 14:39:00.709071,4046.498341703197,3649.1924950135844,397.3058466896127,"[11925.112083170312, 0.10157282594925417, 0.37325926969903006, 0.21287419188254014, 0.1988052273702074, 0.43439098240882756, 0.9988985038952914]","[1.723543853348724, 0.44962316523425827, 397.3058466896127]"
172,EVMEMEES,10589.145597005809,7089.014852168887,3500.1307448369216,2031-Feb-19 11:45:52.935495,2042-Mar-30 10:23:25.206744,4056.942734620945,3648.1008753716706,408.8418592492742,"[11372.49019601267, 0.12140892964069505, 0.10689721173000079, 0.15210392679482113, 0.08900316591919728, 0.07203696936630187, 0.44110903705099824, 0.9983447823157833]","[1.7530267784139435, 0.44192737681813216, 408.8418592492742]"
173,EVMEMEEJS,13961.70473393712,8652.215398732866,5309.4893352042545,2032-Jun-08 13:38:47.754023,2043-Jul-06 00:59:52.420980,4044.472970682382,3649.488004390149,394.9849662922328,"[11847.56860826415, 0.2613338913032272, 0.044826726245837535, 0.13845755436286541, 0.24560528981371363, 0.06874815097676171, 0.40855769363968364, 0.46290594724275463, 0.998965958793438]","[1.65, 0.34909385355362915, 394.9849662922328]"
174,EVMEMEVS,10800.686139394738,5441.277692271311,5359.408447123427,2032-Apr-07 11:39:02.710010,2043-May-19 07:07:37.998616,4058.811519544043,3648.9930408083046,409.8184787357387,"[11785.485448032527, 0.198933499305019, 0.15482870292435977, 0.25646148326659257, 0.3314677712489597, 0.2206222901105205, 0.06213626682597433, 0.9988785183975428]","[1.65, 0.3023559702301409, 409.8184787357387]"
175,EVMEMEVJS,13471.922827408065,9169.164960801118,4302.757866606948,2031-May-29 10:59:36.998841,2042-Aug-21 04:37:16.534848,4101.734485370451,3649.245349028324,452.48913634212664,"[11471.458067116213, 0.04825148708635622, 0.17505094207053826, 0.07721175990075912, 0.22295822239935273, 0.0643665552421668, 0.3218646262268905, 0.47422715847062613, 0.998899126983415]","[1.8148765129410203, 0.34856808378654924, 452.48913634212664]"
176,EVMEMEMS,16026.637594054195,12233.74533312176,3792.8922609324345,2031-Jan-18 05:14:51.793034,2042-Mar-30 10:58:32.061554,4089.238660515277,3647.6332048295744,441.60545568570257,"[11340.218655011964, 0.12388447394098628, 0.0537790629485598, 0.1403041293220817, 0.19498989904987651, 0.41742166846722767, 0.10767928370655788, 0.997825835470816]","[1.8346295245660604, 0.4193018706264969, 441.60545568570257]"
177,EVMEMEMJS,12545.01106093519,8255.935636267843,4289.075424667348,2031-Apr-30 07:26:18.436483,2042-May-01 09:05:40.762156,4019.0690083989903,3649.316158828213,369.7528495707777,"[11442.309935607442, 0.08547796920325718, 0.08320695021462908, 0.24567333771435104, 0.2611696242623476, 0.21273936609629768, 0.0767350957117214, 0.4490105897061573, 0.9989988374859725]","[1.65, 0.4659720941419793, 369.7528495707777]"
178,EVMEMES,7795.914097069955,5166.6402228279785,2629.273874241976,2031-Feb-22 17:27:32.932559,2042-Mar-14 11:57:00.001392,4037.770452185561,3648.4424867977505,389.32796538781076,"[11375.727464497213, 0.12234246711900644, 0.11427497281330008, 0.0376827503395363, 0.1617034245283913, 0.32391905823532113, 0.9989935314357633]","[1.7150783314001872, 0.4732876105931483, 389.32796538781076]"
179,EVMEMEJS,9087.96786180328,4248.911172932267,4839.056688871013,2031-Feb-21 04:51:04.172277,2042-May-17 18:27:46.459399,4103.567156100949,3649.21700161479,454.3501544861595,"[11374.202131623577, 0.12184588144608387, 0.11081387431430567, 0.02998328348225471, 0.3477761301181424, 0.3300868914177739, 0.46811585609121775, 0.9987813102607532]","[1.65, 0.21696638994013706, 454.3501544861595]"
180,EVMEMVES,10331.762409418168,7680.395991049593,2651.366418368575,2031-Jan-28 18:49:17.856314,2042-Jan-25 15:35:06.255655,4014.865143510897,3645.9614420828075,368.90370142808933,"[11350.784234448076, 0.12192058474640956, 0.05390134250068263, 0.07646107108335254, 0.201470302728114, 0.06213073201517556, 0.2723648353112778, 0.9973535666206425]","[1.654431092488868, 0.48109909358819686, 368.90370142808933]"
181,EVMEMVEJS,8908.126026918057,4582.187481360583,4325.938545557474,2031-Apr-15 20:31:18.491988,2042-Jun-18 09:58:02.809591,4081.5602351574425,3647.911118479912,433.6491166775305,"[11427.855075138748, 0.08851770324682236, 0.05130675653293066, 0.14917827950978063, 0.15347780874858366, 0.07074797931202124, 0.349458229835828, 0.48738780772301626, 0.9970346746577334]","[1.765618812598532, 0.3536916347965356, 433.6491166775305]"
182,EVMEMVVS,10213.891827860927,7444.269609027664,2769.622218833263,2031-Jan-13 13:39:02.907776,2041-Dec-08 19:59:39.300363,3982.264310099392,3545.168002791126,437.0963073082658,"[11335.568783654811, 0.12605916250495916, 0.0554011354458003, 0.07508955497342873, 0.20288713813285306, 0.052717819859857656, 0.24410781542896562, 0.9340958414765048]","[1.85, 0.4654937159799503, 437.0963073082658]"
183,EVMEMVVJS,9844.510456275737,6177.207375919837,3667.3030803558995,2031-Apr-21 22:25:05.986266,2042-May-01 09:33:36.193899,4027.4642385142683,3637.4218444658327,390.04239404843565,"[11433.934097063266, 0.08721171653103649, 0.07581372758568489, 0.07128757560876708, 0.19994267350787712, 0.07210617652522842, 0.1673069891499044, 0.49036704822515664, 0.9860378769977702]","[1.692656141330811, 0.43434917848505666, 390.04239404843565]"
184,EVMEMVMS,14858.48395698989,11447.534071715301,3410.949885274589,2031-May-03 23:29:46.673497,2042-Jun-18 04:34:01.139962,4063.211278547041,3648.8665047796576,414.34477376738346,"[11445.979012424737, 0.08397739042149122, 0.07785077760144679, 0.08865773486285107, 0.15813032935566237, 0.08548983255500499, 0.4779483773503156, 0.9989963297135446]","[1.7718139999608549, 0.44641645169437655, 414.34477376738346]"
185,EVMEMVMJS,13337.05818359467,9104.345833478219,4232.7123501164515,2031-Feb-25 06:46:42.587282,2042-Feb-26 14:23:09.839983,4019.316982091444,3649.134178388463,370.18280370298095,"[11378.2824373528, 0.12188074567105886, 0.11502769151080795, 0.03778733894209354, 0.16639429916811757, 0.08727514908679462, 0.29115401132195845, 0.4979495283875736, 0.9988283942562104]","[1.65, 0.46369577684619145, 370.18280370298095]"
186,EVMEMVS,8448.086169939423,5071.214163614257,3376.872006325166,2031-Mar-23 01:06:40.114413,2042-Mar-14 09:03:18.948435,4009.3310050234068,3648.8003311648536,360.5306738585532,"[11404.04629762052, 0.12040301830691544, 0.12911985783294824, 0.04910904430471057, 0.35856459733039864, 0.2965351427960735, 0.9989999992057791]","[1.65, 0.49207164975905293, 360.5306738585532]"
187,EVMEMVJS,9265.480416972698,6275.416077111748,2990.06433986095,2032-Dec-30 23:59:59.745087,2044-Mar-01 01:13:37.969741,4078.0511368594234,3649.1681573849232,428.8829794745004,"[12052.99999704962, 0.11833927160567437, 0.05421928656265172, 0.394714768259285, 0.13872757591645052, 0.12739737399619605, 0.39921431425764253, 0.9989999547797668]","[1.8240618546477694, 0.4607070256059566, 428.8829794745004]"
188,EVMEMMES,18008.464612931326,14191.032854186682,3817.431758744644,2030-Nov-20 15:32:41.097530,2041-Dec-24 21:15:43.375481,4052.2382208096146,3648.883667356212,403.3545534534027,"[11281.647697888082, 0.12097659361958472, 0.20241169489729452, 0.22251925937247477, 0.1327885737683023, 0.22134578784152648, 0.17338002925733048, 0.9989947909696943]","[1.7255161665718088, 0.4231700263846265, 403.3545534534027]"
189,EVMEMMEJS,20947.286694155893,14956.707326034335,5990.579368121558,2031-Jan-18 19:54:03.280184,2041-Sep-20 09:37:00.659920,3897.5714974506495,3494.6078286933825,402.9636687572669,"[11340.82920463176, 0.12486466909954906, 0.09575801972421343, 0.04491841828052869, 0.2200880940771827, 0.286344414700084, 0.14951511838449705, 0.43427884319876536, 0.7896547643830182]","[1.65, 0.3224175369499527, 402.9636687572669]"
190,EVMEMMVS,16167.059589881786,11520.647681611299,4646.411908270487,2032-Jun-18 19:20:44.442058,2043-Jul-06 01:47:17.597046,4034.2684392938404,3649.003710178072,385.2647291157682,"[11857.806069931232, 0.25849401918383436, 0.04599591500002855, 0.18181440006613322, 0.1246487808229268, 0.33395988566613755, 0.19552571905099775, 0.9989945019956996]","[1.65, 0.3886540012984399, 385.2647291157682]"
191,EVMEMMVJS,19613.544656607162,16832.20745861578,2781.3371979913827,2032-May-20 19:27:05.315987,2043-Jun-19 22:03:24.711901,4047.10855782308,3648.953264524563,398.155293298517,"[11828.810478194297, 0.1676394102983821, 0.069254211028518, 0.13333529502171257, 0.12136958995321466, 0.0010093412031780776, 0.12480635094983349, 0.46488707171474586, 0.9989609579577615]","[1.7383875208898452, 0.46801127740414183, 398.155293298517]"
192,EVMEMMMS,FAILED,,,,,,,,,
193,EVMEMMMJS,16083.279764429608,13142.621575957442,2940.6581884721654,2032-Apr-09 03:56:58.058513,2043-Jun-03 23:12:11.477439,4072.8022386449766,3649.063563948036,423.73867469694045,"[11787.164560862422, 0.180455092695768, 0.07618683819949373, 0.133668137228899, 0.1715041769620298, 0.10659862291510439, 0.05922916561190302, 0.43864382548822684, 0.9989993440497675]","[1.8105336114806894, 0.46369138318242825, 423.73867469694045]"
194,EVMEMMS,13842.716219966795,9974.248730216637,3868.4674897501573,2030-Dec-21 19:38:42.566747,2041-Dec-24 19:45:22.564637,4021.004629605205,3648.918414846534,372.08621475867113,"[11312.818548226238, 0.1336921131134418, 0.06284272203077369, 0.0979703252477789, 0.22198950329816708, 0.4963587994833556, 0.9989673442436234]","[1.65, 0.45406858147619367, 372.08621475867113]"
195,EVMEMMJS,11890.132490857406,9025.829193063271,2864.303297794135,2032-May-17 16:20:20.068701,2043-Aug-06 22:04:17.629823,4098.238860661139,3648.9778116792536,449.2610489818854,"[11825.680787832183, 0.1703439071552259, 0.07701144069468802, 0.13049788034687443, 0.17083276389849616, 0.1561327405808576, 0.4323756064318926, 0.9989410007342095]","[1.85, 0.4092575917918761, 449.2610489818854]"
196,EVMEMS,7669.120835613743,5089.750523487569,2579.370312126174,2030-Jan-27 05:34:45.508778,2041-Mar-28 14:19:22.265538,4078.364314314352,3648.285029088406,430.07928522594597,"[10984.23247116641, 0.044720096219456724, 0.04231477300406792, 0.11620439527343598, 0.43751143232899453, 0.9989668938983941]","[1.8384290265175274, 0.48599719052491736, 430.07928522594597]"
197,EVMEMJS,7278.328728958101,4625.36679045675,2652.961938501351,2032-Aug-05 09:10:49.974826,2043-Sep-23 14:38:26.890079,4066.227510593211,3648.9380577349484,417.2894528582622,"[11905.382522856777, 0.10527016874914505, 0.19322585094754774, 0.043907264161348325, 0.2421781746347091, 0.44646409453989844, 0.998995034331224]","[1.8001146471247533, 0.4858409701814701, 417.2894528582622]"
198,EVMES,6112.251530440089,3563.1840865150743,2549.0674439250142,2031-Apr-27 03:28:32.330858,2041-May-31 10:07:50.395623,3687.2772924162655,3287.487106041027,399.7901863752388,"[11439.144818644188, 0.03295671072118591, 0.16752778609361776, 0.3234110958838255, 0.8176565949464573]","[1.7496309991413808, 0.48560587391953114, 399.7901863752388]"
199,EVMEJS,5426.783310042861,2464.9745847253353,2961.8087253175254,2032-Apr-06 05:38:37.380211,2043-Apr-17 02:12:11.139312,4027.8566407303238,3649.08640926985,378.77023146047384,"[11784.235154863558, 0.18025640567698317, 0.2581315550076656, 0.2725816177976818, 0.43419948193957336, 0.9989999855471374]","[1.6779769185779716, 0.4631815520767509, 378.77023146047384]"
200,EVMVEEES,17994.557298198655,12469.938087963594,5524.6192102350615,2032-May-25 09:30:40.628167,2043-Jun-04 00:22:51.575163,4026.6195711457826,3649.098085841715,377.5214853040673,"[11833.396303566748, 0.16738624403657942, 0.0847569500427975, 0.06831736067621427, 0.2237722921794, 0.28691610966592035, 0.40100270073812483, 0.998950289152561]","[1.65, 0.4256164516418092, 377.5214853040673]"
201,EVMVEEEJS,18731.815780033023,15644.325116778022,3087.490663255001,2032-Jun-11 06:34:49.822595,2043-Apr-01 03:54:24.071402,3945.88859084267,3536.6465465250662,409.24204431760387,"[11850.274187761515, 0.2606118450956201, 0.04629337143759811, 0.11428247824423164, 0.06971877906850546, 0.030261656112691188, 0.1654336298038111, 0.41817361074444254, 0.8864894448798966]","[1.7651508240841574, 0.4598364190047848, 409.24204431760387]"
202,EVMVEEVS,11150.017426762832,8625.135742600176,2524.881684162656,2031-Aug-18 01:19:18.417792,2042-Sep-21 20:41:58.499231,4052.807408349989,3648.1880663974093,404.6193419525798,"[11552.05507428, 0.046619234781536886, 0.20748809577102334, 0.041892162770896774, 0.04467606400117373, 0.2450191152907548, 0.04924562467376674, 0.9989999818231216]","[1.7625359417571484, 0.4758524324282277, 404.6193419525798]"
203,EVMVEEVJS,11660.527918787484,7708.845555575907,3951.6823632115766,2032-Apr-14 18:46:19.710338,2043-Apr-01 01:59:35.244426,4003.300874237125,3641.9550805001613,361.34579373696334,"[11792.782172573363, 0.179368091095403, 0.0857002890850446, 0.06941324509353684, 0.15475775977232345, 0.3067278618640707, 0.2267277478867604, 0.4514159629105707, 0.9873008557171198]","[1.65, 0.4926407309725082, 361.34579373696334]"
204,EVMVEEMS,14960.359782189578,11827.74433712635,3132.6154450632275,2031-Jul-14 21:28:35.256009,2042-Aug-05 01:43:57.232821,4039.1773376945785,3636.401300389512,402.7760373050662,"[11517.894852500107, 0.22179682646519697, 0.20955006627814673, 0.1330834818382914, 0.08304907556892224, 0.20464706926376047, 0.11174971287223438, 0.9892150400137713]","[1.7454095335158493, 0.45956713337958, 402.7760373050662]"
205,EVMVEEMJS,10053.125201036812,7270.188430291557,2782.9367707452548,2032-Jul-15 10:57:56.700282,2043-Jun-19 22:31:22.006117,3991.481542891612,3622.0304069130984,369.4511359785138,"[11884.456906253257, 0.12130291758123113, 0.185730975121337, 0.11729487611335654, 0.07187518796938136, 0.17071975076235865, 0.057554876432219564, 0.40008737873679384, 0.9721183313483441]","[1.654705652147357, 0.4819029911283645, 369.4511359785138]"
206,EVMVEES,7893.640242809867,5284.031760941525,2609.608481868342,2032-Apr-29 09:03:27.778512,2043-Jul-05 21:06:57.225317,4084.5024241528354,3645.168943086975,439.3334810658603,"[11807.377404843888, 0.1765851848113356, 0.08116699292753071, 0.07101626853657406, 0.15784639793990898, 0.26035791385509827, 0.9969767574543515]","[1.85, 0.4551397082671794, 439.3334810658603]"
207,EVMVEEJS,7372.505798110688,3830.1978958655086,3542.30790224518,2031-Apr-29 06:10:13.762692,2042-May-01 09:21:59.219863,4020.1331650135553,3646.9384289677882,373.1947360457673,"[11441.257103734863, 0.08562823226327199, 0.08112105388329284, 0.08135251172549207, 0.09976006811208264, 0.34164098100029267, 0.4473926217701525, 0.9966819438360832]","[1.65, 0.4483207122274108, 373.1947360457673]"
208,EVMVEVES,7602.9671373371475,4044.8297982685694,3558.137339068578,2031-Jan-29 04:04:08.858517,2042-Jan-09 15:22:18.501054,3998.470944936761,3648.695622338037,349.77532259872396,"[11351.169546973582, 0.1235509257556241, 0.06265159648203115, 0.08944206569582187, 0.25688389102005954, 0.4107212959733778, 0.05128077049169931, 0.9988501000662586]","[1.65, 0.4481895701272566, 349.77532259872396]"
209,EVMVEVEJS,11525.991073518326,6174.694185560116,5351.2968879582095,2031-Jan-14 09:03:20.928450,2041-Dec-08 20:37:28.354356,3981.482030392427,3607.0095445462666,374.4724858461602,"[11336.377325560763, 0.1264770144118161, 0.058688516646653005, 0.09344010440609118, 0.10303153136705816, 0.24200055762910952, 0.3735071082123138, 0.44897206782756816, 0.9326807668648888]","[1.65, 0.4415366711494482, 374.4724858461602]"
210,EVMVEVVS,11517.68627182813,7984.506856880331,3533.179414947799,2030-Jun-23 05:53:28.415528,2041-Aug-03 05:23:38.825433,4058.979287151685,3648.8510064517195,410.1282806999658,"[11131.245467772313, 0.182433040344572, 0.1047908962842961, 0.07624154015995752, 0.1056886477486812, 0.23970882056349554, 0.31522259693495036, 0.9989999991744125]","[1.7556268085261348, 0.4398302735643873, 410.1282806999658]"
211,EVMVEVVJS,10393.47410425626,5506.869723506012,4886.604380750248,2031-Feb-12 03:04:57.796426,2042-Feb-10 13:28:14.656184,4016.4328340249767,3649.378425949442,367.0544080755348,"[11365.128446717894, 0.11967218574827505, 0.06179945472796024, 0.08866493418880061, 0.23476575124640045, 0.19207749842047503, 0.30368190754470303, 0.47445499046627604, 0.9989999997101108]","[1.65, 0.4810339236617622, 367.0544080755348]"
212,EVMVEVMS,14256.010738960202,10883.346406015997,3372.664332944205,2031-Apr-30 06:21:29.574972,2042-Jun-18 06:02:38.176745,4066.9869051131163,3648.8328552410157,418.1540498721008,"[11442.26492563625, 0.08552358371919352, 0.08377644881956915, 0.07194809266314613, 0.2516324063182782, 0.3985290758525792, 0.09255001857330246, 0.9989932229100018]","[1.7841736345117427, 0.4486209282288344, 418.1540498721008]"
213,EVMVEVMJS,11389.815906107176,6858.864734574274,4530.951171532903,2031-Apr-15 12:37:10.993564,2042-May-17 14:22:37.620684,4050.0732248509275,3646.1578420223245,403.915382828603,"[11427.525821684772, 0.14816846730717745, 0.22377399070379622, 0.10306702220301811, 0.2577018135500271, 0.22007427701588445, 0.06767269292838676, 0.43657666790974325, 0.9941635928348433]","[1.65, 0.31948640598740263, 403.915382828603]"
214,EVMVEVS,8275.376761753138,5650.148605658633,2625.228156094505,2031-Feb-21 22:47:28.295158,2042-Mar-14 11:33:02.305061,4038.5316436331327,3648.366344228808,390.1652994043246,"[11374.949633045813, 0.11751623335137105, 0.06613801812263952, 0.23046991037575318, 0.264249560499756, 0.044959380683520435, 0.9989956148408918]","[1.7176484648089134, 0.4733103639160383, 390.1652994043246]"
