case_no,global_algo,local_algo,DV_Glob,tof_Glob,DV,tof,champion
12,DE,NLOPT-MMA,FAILED,,,,
11,DE,NLOPT-SLSQP,38280.70713437254,3347.14504508407,38280.70713437254,3347.14504508407,"[-7.44529516e+02  5.29292605e-01  8.45779517e-01  1.13693714e+03
  3.80396282e-01  2.31308739e-01  5.98771866e-01  9.99862243e+01
  6.39748529e-02  1.71979124e-01 -3.10903800e+00  7.18314878e+01
  1.52388391e-01  2.21599448e-01  1.24631106e+00  2.13226342e+02
  2.12016033e-01  9.11851462e-01]"
9,DE,NLOPT-PRAXIS,51936.7170152503,3153.061535611755,16475.513280315023,2353.1253912066013,"[-8.93999779e+02  7.60640654e-01  5.74886626e-01  1.86358272e+03
  4.70343268e-01  7.41262726e-02 -2.34430516e-01  2.82632945e+02
  1.33654307e-01  1.05707573e-01  4.70463550e+00  1.16853896e+02
  1.30546880e-01  2.07172874e-01 -2.19756430e-01  1.28216370e+02
  1.00141065e-02  5.00841951e-01]"
7,DE,COMPASS,31310.63355391873,2987.3484860309245,23912.415608050338,2987.3484860309245,"[-7.31000000e+02  7.30379485e-01  7.49040641e-01  2.70173271e+03
  7.94971638e-01  1.67228882e-01 -6.08515197e+00  2.27101414e+02
  5.11090242e-02  8.69697027e-02  2.72322136e+00  1.39723381e+02
  1.07106469e-01  2.13238310e-01  3.29379737e-01  1.33698490e+02
  1.09044492e-01  7.55149975e-01]"
10,DE,NLOPT-COBYLA,30054.576679399317,3472.8246847407813,16734.8245622908,3472.4181151914663,"[-7.84818744e+02  6.12556259e-02  4.00887047e-01  4.63968534e+03
  1.89753212e-01  6.33951315e-02  5.17624137e+00  2.24882459e+02
  1.74280061e-01  9.91259788e-02 -7.20994909e-01  1.43577436e+01
  4.84425208e-01  3.43518567e-01  4.77125852e+00  2.94491046e+02
  3.53805015e-01  9.85773012e-01]"
8,DE,NLOPT-BOBYQA,44752.99990111184,2567.4306148281185,15893.597929303633,3187.664002379277,"[-1.02256620e+03  3.71581884e-02  5.33551223e-01  4.43535010e+03
  4.53050204e-01  1.14565575e-01  4.70137563e+00  3.12079465e+01
  2.11717555e-01  1.16347454e-01  4.84232672e+00  2.28024252e+02
  4.90591828e-01  3.56953081e-01  5.18172137e+00  1.00013255e+02
  3.83008209e-02  8.22632764e-01]"
19,DE_1220,COMPASS,7699.51906459592,3400.8206654344854,7657.236460278395,3400.8206654344854,"[-8.65298680e+02  9.65159433e-01  5.00199967e-01  4.26675006e+03
  1.43915466e-01  1.94406802e-01  4.94014116e+00  2.07850769e+01
  1.19059112e-01  1.87448087e-02  4.58248721e+00  1.49666970e+00
  1.00000000e-02  2.09589908e-01  4.79312911e+00  6.96104296e+01
  1.12142467e-02  9.54647325e-01]"
20,DE_1220,NLOPT-BOBYQA,8160.115314915103,2881.7351095033273,4383.672453473622,2914.6040984565484,"[-8.26069243e+02  8.45542581e-01  8.70724905e-01  3.41481804e+03
  2.77709894e-01  4.91924859e-02 -1.46873652e+00  1.98986714e+00
  4.07518660e-02  1.50803056e-01 -1.44575037e+00  1.24097310e+00
  2.98727276e-02  1.97095600e-01  4.78001090e+00  1.27968258e+02
  1.15975508e-02  7.42001746e-01]"
21,DE_1220,NLOPT-PRAXIS,6920.071758306132,3327.956221287095,5563.732972991043,3261.5976985248594,"[-9.09857119e+02  8.22813547e-02  5.66454802e-01  4.31307741e+03
  4.30229609e-01  1.43648089e-01 -2.02817261e+00  7.69742144e+00
  2.83034896e-01  2.19214445e-01  4.73282257e+00  1.10000325e+00
  1.02305592e-02  2.06099802e-01  1.37151254e+00  2.96719551e+02
  1.29583131e-02  8.71680562e-01]"
22,DE_1220,NLOPT-COBYLA,6544.153518137899,2803.2721366813385,4895.33636352904,2717.726457244053,"[-8.69334959e+02  8.15497886e-01  5.94166527e-01  4.97009718e+03
  1.91218644e-02  6.23093585e-02 -1.33369654e+00  4.31303845e+00
  5.53844430e-02  1.51804601e-01 -1.53929499e+00  1.32617460e+00
  3.92058668e-02  1.93263467e-01 -1.55763425e+00  1.56436850e+02
  2.56487014e-02  6.51659974e-01]"
24,DE_1220,NLOPT-MMA,FAILED,,,,
23,DE_1220,NLOPT-SLSQP,7716.119628326005,3430.835632521892,7716.119628326005,3430.835632521892,"[-7.63520010e+02  8.17168034e-01  5.66917027e-01  3.68011430e+03
  4.44438503e-01  3.33905108e-02  4.66023830e+00  2.77514701e+01
  1.37970947e-02  1.47596145e-01 -1.58051049e+00  1.46691348e+00
  2.05715774e-02  2.06892593e-01 -1.40739827e+00  7.03832304e+01
  3.54812309e-02  9.69759714e-01]"
17,GACO,NLOPT-SLSQP,4022.0038494420833,3497.877246247239,4022.0038494420833,3497.877246247239,"[-9.36399054e+02  6.77451434e-01  6.61310982e-01  4.99999952e+03
  5.59066059e-01  8.08589487e-02  5.06539281e+00  1.10000082e+00
  3.34293229e-01  1.56203932e-01  4.77072953e+00  1.10000000e+00
  1.00000733e-02  2.18355429e-01  4.76298273e+00  8.63721288e+01
  1.13616824e-02  9.98999533e-01]"
2,SADE,NLOPT-BOBYQA,3596.7325029639246,3490.1165235605786,3139.593124394885,3489.9761735741486,"[-1.08714805e+03  1.03120130e-01  3.88806749e-01  3.96669986e+03
  1.58795354e-01  2.54149885e-01 -1.79030771e+00  1.75061096e+00
  7.29801866e-02  2.34189630e-02 -1.49598993e+00  1.10212326e+00
  4.36196628e-02  2.23388588e-01  4.76351945e+00  8.43137911e+01
  1.00000000e-02  9.94937071e-01]"
16,GACO,NLOPT-COBYLA,3339.8590271013277,2943.591903744161,3339.840769836967,2943.5907044447013,"[-8.86645650e+02  7.87953619e-01  5.85722174e-01  5.00000000e+03
  3.19815609e-01  6.77431954e-02  5.04567366e+00  1.83947904e+00
  7.82410941e-01  1.53017462e-01 -1.52713995e+00  1.10000000e+00
  1.00000403e-02  1.99733541e-01  4.74608117e+00  1.21780606e+02
  2.61939171e-02  7.48416764e-01]"
18,GACO,NLOPT-MMA,FAILED,,,,
14,GACO,NLOPT-BOBYQA,2873.198962046932,3497.9721427420864,2873.1843488301743,3497.9721417199153,"[-7.34159883e+02  9.99999972e-01  3.10717171e-01  4.26588234e+03
  1.39113178e-02  4.75358010e-02 -1.55751685e+00  1.10000019e+00
  1.88483220e-02  2.20041711e-01  4.46322443e+00  1.10000001e+00
  1.00501187e-01  2.20081063e-01 -1.41681524e+00  2.27599282e+02
  1.20948002e-02  9.99000000e-01]"
31,IHS,COMPASS,29546.496256248407,3114.1187918810538,27988.63038814295,3114.1187918810538,"[-8.15366557e+02  9.00427785e-01  2.80101396e-01  4.85391527e+03
  6.04564029e-01  3.95291418e-02 -5.30593419e+00  1.32392672e+02
  1.27933658e-01  1.12519334e-01  2.71858357e+00  2.62998256e+02
  1.92058815e-01  2.14529896e-01  4.13209074e+00  2.69196817e+02
  5.42949945e-01  8.35330627e-01]"
32,IHS,NLOPT-BOBYQA,53881.62953476522,3379.849770991961,15223.907684557345,3249.3893542601963,"[-1.08543005e+03  0.00000000e+00  3.55920086e-01  4.27195019e+03
  1.46272582e-02  2.50075963e-01 -7.23862779e-01  1.31571368e+02
  1.00000000e-02  2.59020258e-02 -3.37899515e+00  2.19751991e+02
  6.56585600e-02  2.15088272e-01 -1.60340493e+00  2.95124970e+02
  8.13205451e-02  8.75120619e-01]"
33,IHS,NLOPT-PRAXIS,33952.098572474235,3151.2775148811957,17696.338298829018,3333.403875370219,"[-9.37269668e+02  3.05339797e-01  6.49687515e-01  2.53890476e+03
  2.81539635e-01  1.52703571e-01  3.63169379e+00  2.93470440e+02
  6.41241365e-01  1.84640499e-01 -3.99059362e+00  7.78360059e+01
  8.83651714e-02  2.35239252e-01 -3.22008713e+00  2.83220031e+02
  2.58026911e-02  9.09907892e-01]"
34,IHS,NLOPT-COBYLA,56284.70525248862,2689.1610297660195,10289.453801808973,3498.165423343142,"[-9.67597270e+02  1.00000000e+00  5.04592091e-01  4.58518911e+03
  7.13456259e-01  1.62360458e-01 -3.34301342e-01  5.50870077e+01
  9.29810817e-02  1.69739499e-01 -2.70171765e+00  2.19217078e+02
  1.57049243e-01  2.46303895e-01  4.89939259e+00  2.61366660e+02
  8.58475327e-02  9.99000000e-01]"
35,IHS,NLOPT-SLSQP,27658.41162980324,3147.5556397985847,27658.41162980324,3147.5556397985847,"[-1.04847907e+03  8.43324828e-01  7.66241586e-01  2.32141117e+03
  4.57131588e-01  9.21547734e-02 -4.96262659e+00  1.49388164e+02
  2.34129806e-01  1.84988285e-01 -2.25266456e+00  1.69791224e+02
  4.69846723e-01  3.41619280e-01 -9.84040562e-02  2.85360867e+02
  3.62529293e-02  7.93286067e-01]"
36,IHS,NLOPT-MMA,FAILED,,,,
37,PSO,COMPASS,32014.484147805382,2737.7076799336746,28971.648366990707,2737.7076799336746,"[-1.09500000e+03  7.75583117e-01  6.58623049e-01  4.75836455e+03
  3.90406825e-02  1.25591599e-01  5.53722604e+00  5.24525162e+01
  2.17543774e-01  2.84227943e-01 -5.54242039e+00  2.21570330e+02
  1.35721680e-01  1.99688543e-01  1.91564066e+00  2.79060529e+02
  1.70979093e-01  5.65184112e-01]"
38,PSO,NLOPT-BOBYQA,27650.127641175648,2767.8133381475423,13720.68871621746,2459.2253665536173,"[-1.07158149e+03  1.05742719e-03  3.94881810e-01  3.79039548e+03
  1.05452139e-01  1.30609830e-01 -6.35796461e-01  1.36886648e+02
  2.89313849e-01  1.16238127e-01  5.81333203e+00  2.62045203e+02
  8.94564425e-02  2.14472931e-01 -1.59943683e+00  1.48895808e+02
  3.40423157e-02  5.07305729e-01]"
39,PSO,NLOPT-PRAXIS,37689.053390685454,3093.4424983562994,15432.83337130446,3145.3458408564875,"[-8.92167070e+02  2.99371803e-01  7.40929129e-01  3.86974732e+03
  8.00523169e-01  2.03218424e-01 -1.06618606e+00  2.58500217e+02
  2.31304017e-01  9.84760388e-02  2.95270434e-01  4.88331049e+01
  1.21422910e-01  2.27821706e-01  3.45318996e+00  1.82942912e+02
  8.35745110e-02  8.17315010e-01]"
40,PSO,NLOPT-COBYLA,37796.135064317394,2513.6926319173645,16137.549332082757,3067.6774530894836,"[-8.58516784e+02  7.86283770e-02  4.67383984e-01  4.18280034e+03
  7.27552559e-01  1.35818502e-01 -1.95128638e+00  2.65376528e+02
  8.63385367e-01  1.69039452e-01 -2.09070728e+00  1.38292105e+02
  2.51517335e-01  2.28213222e-01  1.44471375e+00  1.73915330e+02
  1.69541433e-01  7.77127164e-01]"
41,PSO,NLOPT-SLSQP,33800.48670460847,3392.155641609377,33800.48670460847,3392.155641609377,"[-8.59509204e+02  7.62579689e-01  2.37611879e-01  4.31396775e+03
  7.34367345e-01  8.13743176e-02  1.81471367e+00  1.89124318e+02
  2.87702838e-01  2.45997507e-01 -2.38468611e+00  1.81502901e+02
  3.35024858e-01  3.09451888e-01 -4.55433114e+00  6.48625073e+01
  2.31851187e-01  9.35579502e-01]"
42,PSO,NLOPT-MMA,FAILED,,,,
3,SADE,NLOPT-PRAXIS,3819.792039632342,3474.729900182372,3703.6590508838917,3475.6492601688788,"[-8.72881176e+02  8.12663076e-01  6.13038925e-01  4.93099571e+03
  1.93271610e-01  6.30725789e-02 -1.18656553e+00  3.10527969e+00
  3.76759381e-02  1.52935454e-01  4.78137213e+00  1.13039918e+00
  1.09382955e-02  2.14554009e-01  4.75678851e+00  8.27170492e+01
  1.04779887e-02  9.88838943e-01]"
6,SADE,NLOPT-MMA,3965.1261150747837,3488.595076582589,3959.665664528398,3488.5960390902214,"[-8.27805886e+02  8.59517470e-01  8.05961545e-01  4.20688700e+03
  5.92432285e-01  4.83578939e-02  5.09314679e+00  3.29646035e+00
  6.35206146e-02  1.52963031e-01  4.80657467e+00  1.10156299e+00
  1.53136546e-02  2.12977811e-01  4.71169775e+00  8.06923296e+01
  4.38364373e-02  9.94864004e-01]"
5,SADE,NLOPT-SLSQP,3964.5996541138793,3382.082580845945,3964.5996541138793,3382.082580845945,"[-8.54203338e+02  8.44996647e-01  5.97590144e-01  4.86391735e+03
  6.93068898e-01  5.93337039e-02 -1.40663882e+00  4.38113577e+00
  2.52921533e-02  1.50508313e-01  4.71797764e+00  1.12299299e+00
  3.64004276e-02  2.11492887e-01 -1.53876508e+00  9.09408299e+01
  1.00000000e-02  9.46530073e-01]"
4,SADE,NLOPT-COBYLA,3202.8667823566557,3138.54512613727,3038.9809363795393,3138.060165373279,"[-1.05889141e+03  4.49695117e-02  4.11592325e-01  4.51877361e+03
  1.56138796e-01  2.46310980e-01  4.53681950e+00  1.26916788e+00
  1.54839103e-02  2.26022299e-02  4.75870034e+00  1.15002092e+00
  2.37127493e-01  2.10774430e-01 -1.54729381e+00  1.12698492e+02
  1.00000000e-02  8.22129609e-01]"
15,GACO,NLOPT-PRAXIS,2211.409550691804,2785.9169982704516,2211.4061685563784,2785.9170224555364,"[-1.06455504e+03  5.39624004e-02  4.00287888e-01  4.36915623e+03
  3.27933608e-02  2.47213870e-01  4.53042766e+00  1.10000073e+00
  1.04594668e-02  2.35875258e-02 -1.49551301e+00  1.10000000e+00
  1.00071076e-02  1.99284370e-01  4.72855845e+00  1.45293079e+02
  1.42431214e-02  6.53345053e-01]"
1,SADE,COMPASS,3460.1302917856647,3484.794903798319,3065.4989213383164,3484.794903798319,"[-1.07340083e+03  9.71644564e-02  4.02973809e-01  4.04275786e+03
  9.47732797e-01  2.50471252e-01 -1.77209518e+00  1.10000000e+00
  1.90413948e-02  2.28152824e-02  4.69272749e+00  1.38273901e+00
  1.18749743e-01  2.22754809e-01 -1.55585855e+00  8.82582877e+01
  5.22183040e-02  9.92368707e-01]"
49,SEA,COMPASS,52128.02470322983,3092.498749162164,34488.045999222726,3092.498749162164,"[-9.34413801e+02  9.56664483e-01  4.70425025e-01  4.02400647e+03
  5.27190018e-01  1.47806295e-01 -6.28939206e-01  2.25647684e+02
  5.57490045e-01  1.90226579e-01  2.42637311e+00  2.68686712e+01
  3.78422445e-01  2.19063066e-01 -3.07098938e+00  1.39075492e+02
  2.78312405e-01  7.83955558e-01]"
50,SEA,NLOPT-BOBYQA,58319.05909129555,3140.8714806142084,11108.435228495991,2377.627635212754,"[-7.31000032e+02  8.66129591e-01  4.71414731e-01  4.38433908e+03
  2.03973667e-01  1.57311579e-01 -1.72062447e+00  8.33686489e+01
  2.17756569e-01  1.64112361e-02  4.64697119e+00  9.64648179e+00
  7.48476923e-02  1.73747606e-01  4.74378908e+00  2.15884301e+02
  1.00005888e-02  5.31752352e-01]"
51,SEA,NLOPT-PRAXIS,45714.58318827187,3366.693872849348,20105.546778615902,3498.31175386231,"[-1.01680408e+03  2.76879039e-01  5.65581392e-01  4.74084495e+03
  3.52418297e-01  1.48034261e-01  2.70892705e+00  1.03926073e+02
  2.34012529e-01  1.15820427e-01  4.91457463e+00  2.46435942e+02
  4.45835949e-01  3.60087758e-01 -4.84850568e+00  1.68534579e+02
  2.32027404e-01  9.98999344e-01]"
52,SEA,NLOPT-COBYLA,41857.523865886236,2803.026427735745,14359.320235039346,2730.842756405036,"[-8.78453749e+02  9.69971801e-01  9.86462687e-01  3.60982100e+03
  2.83630892e-01  5.34581166e-02 -9.27203896e-01  5.24199535e+00
  3.27757023e-01  9.17157558e-02 -3.37936903e+00  2.89802020e+00
  2.25086635e-01  2.40822579e-01 -1.98609215e+00  9.47645713e+01
  3.50001779e-01  6.63300718e-01]"
53,SEA,NLOPT-SLSQP,36158.17877562187,3151.0292115135817,36158.17877562187,3151.0292115135817,"[-9.41700109e+02  5.47468756e-01  3.08183891e-01  4.48794054e+03
  3.19145602e-01  1.80448175e-01 -3.24997451e-02  2.04199988e+02
  3.36144943e-01  1.11516477e-01  3.17652949e+00  2.07840053e+02
  5.88136594e-01  3.44745311e-01  2.38787812e+00  1.03815833e+02
  7.10359885e-02  7.91029446e-01]"
54,SEA,NLOPT-MMA,FAILED,,,,
55,SGA,COMPASS,22448.964159004816,2351.628217575898,22215.047942342924,2351.628217575898,"[-7.52672018e+02  9.49873391e-01  4.93409004e-01  4.92979713e+03
  3.85369294e-01  3.19895415e-02 -1.98613620e+00  3.74797848e+01
  4.21871892e-01  1.35139583e-01  4.37350367e+00  1.24632728e+01
  1.87115868e-01  1.74541810e-01  1.79777646e+00  2.29479359e+02
  1.80436509e-01  5.25219015e-01]"
56,SGA,NLOPT-BOBYQA,27512.89104958659,3237.5180980201285,13151.199099180174,3239.089661593328,"[-7.80605435e+02  1.36439324e-01  4.39470316e-01  4.51504383e+03
  7.33690049e-01  1.95546842e-01  1.28525458e+00  2.50188234e+02
  4.52054221e-01  6.92089444e-02 -1.29877622e+00  2.06440217e+02
  1.10606604e-01  2.26013325e-01  4.96642138e+00  1.74254837e+02
  3.91366576e-02  8.71371621e-01]"
57,SGA,NLOPT-PRAXIS,43167.09902209022,2631.167434812228,17968.054139838434,3438.2025913828274,"[-9.07713794e+02  5.40922173e-01  3.20165857e-01  2.59313536e+03
  2.03992190e-01  1.79099580e-01 -3.50521138e+00  2.75375966e+02
  4.82052255e-01  8.67380085e-02 -1.57249040e+00  2.31811914e+02
  2.82771842e-01  2.76646534e-01 -2.56862882e+00  1.16508225e+02
  1.00545601e-02  9.67441395e-01]"
58,SGA,NLOPT-COBYLA,34980.470215530426,3331.033935652282,15170.915401493356,3440.8529543919585,"[-7.63721746e+02  9.75575912e-01  3.13722092e-01  3.96198623e+03
  2.81851869e-01  5.06141903e-02 -1.59384603e+00  9.16428282e+01
  3.03665330e-01  2.59527233e-01 -8.51980406e-01  2.22315071e+02
  1.00000001e-02  2.04147910e-01 -1.32914619e+00  8.15801763e+01
  2.24173446e-02  9.69794862e-01]"
59,SGA,NLOPT-SLSQP,34870.42580916641,2928.9810940931225,34870.42580916641,2928.9810940931225,"[-7.99772473e+02  1.24193159e-01  5.56760767e-01  2.51810802e+03
  5.51547936e-01  1.73744531e-01 -2.24582072e+00  2.86770026e+02
  3.26923322e-01  3.68195765e-02 -5.03849516e+00  1.97435790e+02
  2.89048953e-01  3.59542691e-01  2.88109453e+00  2.33474750e+02
  1.13172638e-01  6.79911359e-01]"
60,SGA,NLOPT-MMA,FAILED,,,,
61,SA,COMPASS,6824.823894002911,3444.185614508698,6824.776923943879,3444.185614508698,"[-1.00533885e+03  4.51153044e-01  2.68831553e-01  3.96100563e+03
  5.90673826e-01  3.26766253e-01  4.82359365e+00  2.04773020e+00
  1.00000000e-02  1.89327609e-01  4.63652263e+00  1.10057162e+00
  4.19004364e-02  2.41854596e-01  1.53527210e+00  3.01265332e+01
  1.57675362e-02  9.61459767e-01]"
62,SA,NLOPT-BOBYQA,9530.17571919684,3498.017325162883,9288.26721589385,3498.0125720492288,"[-7.79705478e+02  7.97315332e-01  1.99267122e-01  3.96373413e+03
  4.95015085e-01  3.19392979e-02  2.69001076e+00  5.15612108e+00
  4.13652811e-01  2.51279065e-01 -1.69356536e+00  1.10009958e+00
  4.88704036e-02  2.22084196e-01 -1.35840563e+00  2.99995037e+02
  1.82438334e-02  9.98992910e-01]"
63,SA,NLOPT-PRAXIS,10360.608443995741,3412.7003005459283,10358.978984543744,3412.7050146155643,"[-1.08827176e+03  1.55100756e-01  3.23633615e-01  4.30028429e+03
  7.60246113e-01  2.15902870e-01  1.54828766e-02  4.49305965e+00
  5.00299986e-01  3.62984570e-01 -1.77232099e+00  1.10115288e+00
  1.00014758e-02  2.25352148e-01 -4.73263372e+00  2.26451457e+01
  8.92558092e-02  9.35538989e-01]"
64,SA,NLOPT-COBYLA,7564.602281932692,3284.8103483229897,7362.597595792621,3285.6954623027573,"[-9.03459572e+02  8.56313133e-01  6.16361036e-01  4.13791490e+03
  1.66021541e-01  2.00377307e-01  6.67835583e-01  3.11651052e+01
  7.15297059e-01  1.57795288e-01  4.80020622e+00  1.10096637e+00
  1.02451810e-02  2.09581306e-01  1.37052447e+00  2.99647810e+02
  5.89319718e-02  8.84972060e-01]"
65,SA,NLOPT-SLSQP,11323.561013684237,3497.8488767235626,11323.561013684237,3497.8488767235626,"[-1.04447646e+03  8.78115940e-02  3.91082783e-01  4.99301837e+03
  1.51596640e-01  2.08251680e-01 -5.34267907e+00  5.63285919e+00
  5.32123607e-01  1.08234773e-01 -2.74683672e+00  1.11879792e+01
  2.64467185e-01  2.85874992e-01  4.80993735e+00  1.31337546e+02
  2.25170616e-02  9.98781052e-01]"
66,SA,NLOPT-MMA,7978.020235025941,2168.600754467998,7972.071837032686,2168.6104655886747,"[-7.37638348e+02  9.45082009e-01  5.69812424e-01  4.72697430e+03
  5.34949460e-01  3.53548962e-02 -1.46984317e+00  9.25761315e+00
  6.09676852e-01  1.35980151e-01  4.53733589e+00  1.10000000e+00
  1.00443160e-02  1.70911458e-01  4.64575533e+00  2.82928111e+02
  2.98584721e-02  4.49515750e-01]"
67,ABC,COMPASS,40909.18623557981,3498.32996531301,24608.785731602973,3498.32996531301,"[-7.52897182e+02  1.00000000e+00  9.98493978e-02  5.00000000e+03
  5.86404260e-01  2.28890917e-01 -3.54322322e+00  1.49984424e+01
  4.58346302e-02  2.27827789e-01 -6.79253752e-01  1.89243768e+02
  1.00000000e-02  1.98640370e-01  4.62503919e-01  1.90929483e+02
  1.25643906e-01  9.99000000e-01]"
68,ABC,NLOPT-BOBYQA,44172.455268362726,3497.8255269507113,16589.812930316257,3495.2143568440665,"[-7.67028475e+02  7.71634037e-01  1.96538244e-01  2.68779563e+03
  2.79992271e-01  5.51746371e-02 -1.91728915e+00  7.77260310e+01
  6.85125513e-02  1.10337107e-01 -6.28318531e+00  1.10000000e+00
  2.45576035e-02  2.31285682e-01  4.00222482e+00  5.41837938e+01
  4.21523908e-01  9.97883929e-01]"
69,ABC,NLOPT-PRAXIS,28273.830850773033,2521.708353723744,22548.075533985964,2689.591885947252,"[-8.16219848e+02  6.65063201e-01  2.83909568e-01  4.30523597e+03
  1.61565605e-01  3.12279486e-02  2.82868010e+00  1.63238162e+02
  9.12708099e-01  1.86971498e-01 -6.05809523e+00  1.48005633e+02
  3.30034064e-01  2.48875657e-01  7.61947264e-01  1.18918319e+02
  1.00087775e-02  6.08621894e-01]"
70,ABC,NLOPT-COBYLA,32375.692209847355,3014.080294465658,15847.263760708836,3177.1295518809393,"[-9.14343588e+02  9.62472583e-01  5.28487297e-01  3.84278593e+03
  6.81452784e-01  1.45862688e-01 -6.15969385e+00  2.66867413e+02
  4.14375828e-01  1.93228026e-01 -2.29896300e+00  2.20435551e+02
  9.08495234e-02  2.32048339e-01  6.19193641e+00  2.16194982e+02
  1.64773986e-01  8.25679738e-01]"
71,ABC,NLOPT-SLSQP,24299.689883954765,3249.993157751298,24299.689883954765,3249.993157751298,"[-1.09201249e+03  5.49292183e-01  6.17491064e-01  4.45796447e+03
  6.67048594e-01  2.85771462e-01 -4.92691916e+00  9.15674807e+00
  6.43375533e-01  1.10262112e-01  6.03382643e+00  1.19519979e+02
  4.97317820e-02  2.35574894e-01 -9.23323403e-01  1.75778860e+02
  8.03774564e-02  8.52955216e-01]"
72,ABC,NLOPT-MMA,FAILED,,,,
73,CMA-ES,COMPASS,FAILED,,,,
74,CMA-ES,NLOPT-BOBYQA,FAILED,,,,
75,CMA-ES,NLOPT-PRAXIS,FAILED,,,,
76,CMA-ES,NLOPT-COBYLA,FAILED,,,,
77,CMA-ES,NLOPT-SLSQP,FAILED,,,,
78,CMA-ES,NLOPT-MMA,FAILED,,,,
79,xNES,COMPASS,FAILED,,,,
80,xNES,NLOPT-BOBYQA,FAILED,,,,
81,xNES,NLOPT-PRAXIS,FAILED,,,,
82,xNES,NLOPT-COBYLA,FAILED,,,,
83,xNES,NLOPT-SLSQP,FAILED,,,,
84,xNES,NLOPT-MMA,FAILED,,,,
85,NSGA2,COMPASS,FAILED,,,,
86,NSGA2,NLOPT-BOBYQA,FAILED,,,,
87,NSGA2,NLOPT-PRAXIS,FAILED,,,,
88,NSGA2,NLOPT-COBYLA,FAILED,,,,
89,NSGA2,NLOPT-SLSQP,FAILED,,,,
90,NSGA2,NLOPT-MMA,FAILED,,,,
91,MOEA/D,COMPASS,FAILED,,,,
92,MOEA/D,NLOPT-BOBYQA,FAILED,,,,
93,MOEA/D,NLOPT-PRAXIS,FAILED,,,,
94,MOEA/D,NLOPT-COBYLA,FAILED,,,,
95,MOEA/D,NLOPT-SLSQP,FAILED,,,,
96,MOEA/D,NLOPT-MMA,FAILED,,,,
97,MHACO,COMPASS,FAILED,,,,
98,MHACO,NLOPT-BOBYQA,FAILED,,,,
99,MHACO,NLOPT-PRAXIS,FAILED,,,,
100,MHACO,NLOPT-COBYLA,FAILED,,,,
101,MHACO,NLOPT-SLSQP,FAILED,,,,
102,MHACO,NLOPT-MMA,FAILED,,,,
103,NSPSO,COMPASS,FAILED,,,,
104,NSPSO,NLOPT-BOBYQA,FAILED,,,,
105,NSPSO,NLOPT-PRAXIS,FAILED,,,,
106,NSPSO,NLOPT-COBYLA,FAILED,,,,
107,NSPSO,NLOPT-SLSQP,FAILED,,,,
108,NSPSO,NLOPT-MMA,FAILED,,,,
25,GWO,COMPASS,2903.452524926834,3421.1732413841914,2903.4499669057736,3421.1732413841914,"[-7.32207201e+02  7.70246473e-03  3.15473769e-01  4.30193098e+03
  1.00000000e-02  4.76512325e-02 -1.53965970e+00  1.10018181e+00
  1.31663647e-02  2.19178926e-01  4.42587367e+00  1.10003214e+00
  1.49749980e-02  2.17652523e-01 -1.35584234e+00  2.64227046e+02
  1.23594699e-02  9.61286861e-01]"
13,GACO,COMPASS,2771.975364718694,3217.3535785269896,2771.973267571888,3217.3535785269896,"[-8.47537312e+02  8.63413629e-01  5.25297326e-01  5.00000000e+03
  2.58295969e-01  6.12099274e-02 -1.26696117e+00  1.52926698e+00
  8.71864574e-01  1.50002244e-01  4.70815339e+00  1.10000041e+00
  1.00007060e-02  2.03914234e-01 -1.52112491e+00  8.92449320e+01
  1.64789553e-02  8.72875481e-01]"
26,GWO,NLOPT-BOBYQA,2444.6063243408735,2907.2814316244426,2349.430429292639,2907.196547305651,"[-1.06396060e+03  7.11552742e-03  3.97985219e-01  4.99986868e+03
  2.39839536e-02  2.45311182e-01 -1.74929110e+00  1.11899475e+00
  1.37544082e-02  2.54115107e-02 -1.46125162e+00  1.10001373e+00
  1.71317310e-02  2.03754847e-01 -1.54542956e+00  1.30625074e+02
  2.93360376e-02  7.10794408e-01]"
28,GWO,NLOPT-COBYLA,2848.473375948108,3484.9422395225474,2847.624076795723,3484.9415706249715,"[-7.31038782e+02  1.58321939e-03  3.13711638e-01  4.31676339e+03
  6.85502721e-02  4.71439250e-02 -1.53907786e+00  1.10006331e+00
  1.36359353e-02  2.19173981e-01 -1.73886137e+00  1.10000142e+00
  1.97905866e-01  2.19653967e-01 -1.46195653e+00  2.34349554e+02
  2.79260288e-02  9.92589580e-01]"
29,GWO,NLOPT-SLSQP,2837.630291833307,3497.4113471714245,2837.630291833307,3497.4113471714245,"[-7.31000000e+02  1.24909214e-03  3.13606654e-01  4.31732476e+03
  1.68001055e-02  4.71204101e-02 -1.53681224e+00  1.10001647e+00
  1.24485209e-02  2.19251845e-01 -1.85316126e+00  1.10001805e+00
  1.05594076e-02  2.19836881e-01 -1.38963919e+00  2.18736135e+02
  2.52060085e-02  9.98725701e-01]"
45,GPSO,NLOPT-PRAXIS,2343.6871457563584,2955.4232917837753,2343.6871452010964,2955.423291804733,"[-1.06402449e+03  1.00000000e+00  3.95037217e-01  5.00000000e+03
  1.00000000e-02  2.45143002e-01  4.53014176e+00  1.10000000e+00
  3.89259511e-01  2.57076606e-02  4.81836545e+00  1.10000000e+00
  1.00000000e-02  2.05317379e-01  4.74174000e+00  1.24578114e+02
  4.66405913e-02  7.33778376e-01]"
27,GWO,NLOPT-PRAXIS,2805.39593177932,3497.2525182479267,2805.2929534144846,3497.250319586233,"[-7.32742211e+02  7.30540593e-03  3.14893637e-01  4.29490551e+03
  2.48048517e-02  4.77118798e-02 -1.53138895e+00  1.10000000e+00
  1.08724502e-02  2.19003990e-01  4.46118942e+00  1.10000036e+00
  8.77449174e-02  2.20104631e-01  4.86023694e+00  2.19342264e+02
  3.20894105e-02  9.98645557e-01]"
44,GPSO,NLOPT-BOBYQA,2594.6519164786027,2996.852866325382,2594.651909181226,2996.852865413415,"[-7.90270853e+02  8.39662703e-01  8.63613612e-01  4.06880869e+03
  1.00022027e-02  4.21766938e-02  4.30523256e+00  1.78890929e+00
  8.48178547e-01  1.47216949e-01 -1.55108396e+00  1.10000000e+00
  1.00000000e-02  1.96979911e-01 -1.52941523e+00  1.07255658e+02
  1.00000238e-02  7.80832281e-01]"
43,GPSO,COMPASS,2619.5643299558524,3497.7201898848098,2619.5643299558524,3497.7201898848098,"[-7.63396353e+02  8.16741340e-01  7.56539270e-01  4.28242213e+03
  1.00000000e-02  3.78056138e-02  4.63649218e+00  2.18605012e+00
  8.13374195e-01  1.43867096e-01  4.69315410e+00  1.10000000e+00
  1.00000000e-02  2.09272969e-01 -1.51342017e+00  7.63182872e+01
  1.00000000e-02  9.99000000e-01]"
46,GPSO,NLOPT-COBYLA,2891.8849348450126,3497.8186318450275,2891.8779964593164,3497.8192457363157,"[-8.71722055e+02  8.17907073e-01  5.62992697e-01  4.99999969e+03
  2.90370542e-01  6.51653349e-02 -1.25374675e+00  1.81579877e+00
  8.32802476e-01  1.51520464e-01  4.74550299e+00  1.10000008e+00
  1.00000001e-02  2.14544194e-01 -1.51676463e+00  8.15872114e+01
  1.00053464e-02  9.98999906e-01]"
30,GWO,NLOPT-MMA,FAILED,,,,
47,GPSO,NLOPT-SLSQP,2393.690631285428,3385.7019650409875,2393.690631285428,3385.7019650409875,"[-8.05670474e+02  8.54968741e-01  8.58051469e-01  4.00624626e+03
  4.56773001e-01  4.48037477e-02 -1.67445696e+00  2.03898577e+00
  1.00000000e-02  1.49236712e-01 -1.52278445e+00  1.10000000e+00
  1.00000000e-02  2.08662559e-01  4.76443157e+00  8.48085735e+01
  1.00455033e-02  9.49218251e-01]"
48,GPSO,NLOPT-MMA,2886.6129732088853,3424.5632109316684,2886.6129732088066,3424.5632109316684,"[-9.58881315e+02  2.54616985e-01  6.64912589e-01  5.00000000e+03
  4.13571225e-01  1.10075960e-01 -1.73934219e+00  1.10000000e+00
  5.72702503e-01  1.11784497e-01 -1.66489923e+00  1.10000000e+00
  6.58533941e-02  2.32909049e-01  4.67275549e+00  8.55741896e+01
  1.00051933e-02  9.64453487e-01]"
